source,target,book,weight
Adolin,Adrotagia,Words of Radiance,1
Adolin,Aladar,The Way of Kings,4
Adolin,Aladar,Words of Radiance,21
Adolin,Amaram,The Way of Kings,2
Adolin,Amaram,Words of Radiance,35
Adolin,Ash,Words of Radiance,4
Adolin,Balat,Words of Radiance,1
Adolin,Bashin,The Way of Kings,1
Adolin,Bashin,Words of Radiance,1
Adolin,Battah,Words of Radiance,1
Adolin,Battar,The Way of Kings,1
Adolin,Beld,Words of Radiance,1
Adolin,Bethab,The Way of Kings,2
Adolin,Bethab,Words of Radiance,4
Adolin,Bisig,Words of Radiance,2
Adolin,Chana,Words of Radiance,1
Adolin,Dalinar,The Way of Kings,44
Adolin,Dalinar,Words of Radiance,80
Adolin,Drehy,Words of Radiance,10
Adolin,Elhokar,The Way of Kings,28
Adolin,Elhokar,Words of Radiance,27
Adolin,Eshonai,Words of Radiance,4
Adolin,Eth,Words of Radiance,5
Adolin,Gavilar,The Way of Kings,25
Adolin,Gavilar,Words of Radiance,22
Adolin,Gaz,Words of Radiance,10
Adolin,Hatham,The Way of Kings,3
Adolin,Hatham,Words of Radiance,7
Adolin,Helaran,Words of Radiance,4
Adolin,Hobber,Words of Radiance,2
Adolin,Ialai,The Way of Kings,1
Adolin,Ialai,Words of Radiance,4
Adolin,Ishar,Words of Radiance,1
Adolin,Iyatil,Words of Radiance,2
Adolin,Jakamav,The Way of Kings,1
Adolin,Jakamav,Words of Radiance,6
Adolin,Jaks,The Way of Kings,1
Adolin,Jasnah,The Way of Kings,11
Adolin,Jasnah,Words of Radiance,29
Adolin,Kabsal,Words of Radiance,2
Adolin,Kaladin,The Way of Kings,5
Adolin,Kaladin,Words of Radiance,49
Adolin,Kalak,The Way of Kings,1
Adolin,Kalak,Words of Radiance,5
Adolin,Khal,Words of Radiance,16
Adolin,Leyten,Words of Radiance,4
Adolin,Lirin,Words of Radiance,1
Adolin,Lopen,The Way of Kings,1
Adolin,Lopen,Words of Radiance,10
Adolin,Maps,The Way of Kings,1
Adolin,Maps,Words of Radiance,1
Adolin,Mart,Words of Radiance,5
Adolin,Moash,The Way of Kings,2
Adolin,Moash,Words of Radiance,18
Adolin,Mraize,Words of Radiance,6
Adolin,Natam,Words of Radiance,3
Adolin,Navani,The Way of Kings,16
Adolin,Navani,Words of Radiance,47
Adolin,Pailiah,Words of Radiance,1
Adolin,Pattern,Words of Radiance,25
Adolin,Renarin,The Way of Kings,23
Adolin,Renarin,Words of Radiance,41
Adolin,Rock,The Way of Kings,3
Adolin,Rock,Words of Radiance,13
Adolin,Roion,The Way of Kings,5
Adolin,Roion,Words of Radiance,22
Adolin,Roshone,Words of Radiance,5
Adolin,Ruthar,The Way of Kings,1
Adolin,Ruthar,Words of Radiance,11
Adolin,Sadeas,The Way of Kings,37
Adolin,Sadeas,Words of Radiance,45
Adolin,Sebarial,Words of Radiance,24
Adolin,Shalash,Words of Radiance,1
Adolin,Shallan,Words of Radiance,55
Adolin,Sigzil,The Way of Kings,1
Adolin,Sigzil,Words of Radiance,7
Adolin,Skar,The Way of Kings,2
Adolin,Skar,Words of Radiance,15
Adolin,Syl,The Way of Kings,3
Adolin,Syl,Words of Radiance,23
Adolin,Szeth,Words of Radiance,7
Adolin,Talenel,The Way of Kings,1
Adolin,Talenel,Words of Radiance,2
Adolin,Tarah,Words of Radiance,2
Adolin,Taravangian,Words of Radiance,1
Adolin,Teft,The Way of Kings,3
Adolin,Teft,Words of Radiance,14
Adolin,Teleb,The Way of Kings,6
Adolin,Teleb,Words of Radiance,7
Adolin,Thanadal,The Way of Kings,5
Adolin,Thanadal,Words of Radiance,6
Adolin,Tien,The Way of Kings,1
Adolin,Tien,Words of Radiance,7
Adolin,Tyn,Words of Radiance,11
Adolin,Vamah,The Way of Kings,6
Adolin,Vamah,Words of Radiance,3
Adolin,Vathah,Words of Radiance,9
Adolin,Wit,The Way of Kings,8
Adolin,Wit,Words of Radiance,7
Adolin,Yake,Words of Radiance,1
Adolin,Yenev,Words of Radiance,3
Adolin,Zahel,Words of Radiance,14
Adrotagia,Aladar,Words of Radiance,1
Adrotagia,Bisig,Words of Radiance,1
Adrotagia,Dalinar,Words of Radiance,3
Adrotagia,Drehy,Words of Radiance,1
Adrotagia,Gavilar,Words of Radiance,2
Adrotagia,Jasnah,Words of Radiance,1
Adrotagia,Kaladin,Words of Radiance,1
Adrotagia,Khal,Words of Radiance,1
Adrotagia,Leyten,Words of Radiance,1
Adrotagia,Lopen,Words of Radiance,1
Adrotagia,Mart,Words of Radiance,1
Adrotagia,Moash,Words of Radiance,1
Adrotagia,Mraize,Words of Radiance,1
Adrotagia,Mrall,Words of Radiance,1
Adrotagia,Navani,Words of Radiance,1
Adrotagia,Redin,Words of Radiance,1
Adrotagia,Rock,Words of Radiance,1
Adrotagia,Roion,Words of Radiance,1
Adrotagia,Sadeas,Words of Radiance,1
Adrotagia,Shallan,Words of Radiance,2
Adrotagia,Sigzil,Words of Radiance,1
Adrotagia,Syl,Words of Radiance,1
Adrotagia,Szeth,Words of Radiance,3
Adrotagia,Taravangian,Words of Radiance,1
Adrotagia,Teft,Words of Radiance,1
Adrotagia,Valam,Words of Radiance,1
Aesudan,Amaram,Words of Radiance,1
Aesudan,Ash,Words of Radiance,1
Aesudan,Dalinar,Words of Radiance,1
Aesudan,Elhokar,Words of Radiance,2
Aesudan,Gavilar,Words of Radiance,2
Aesudan,Jasnah,Words of Radiance,1
Aesudan,Lhan,Words of Radiance,1
Aesudan,Navani,Words of Radiance,1
Aesudan,Sadeas,Words of Radiance,1
Aesudan,Talenel,Words of Radiance,1
Aladar,Amaram,Words of Radiance,4
Aladar,Ash,Words of Radiance,1
Aladar,Bethab,Words of Radiance,2
Aladar,Dalinar,The Way of Kings,4
Aladar,Dalinar,Words of Radiance,23
Aladar,Drehy,Words of Radiance,1
Aladar,Elhokar,The Way of Kings,3
Aladar,Elhokar,Words of Radiance,6
Aladar,Eshonai,Words of Radiance,2
Aladar,Gavilar,The Way of Kings,3
Aladar,Gavilar,Words of Radiance,11
Aladar,Gaz,Words of Radiance,4
Aladar,Hatham,The Way of Kings,1
Aladar,Hatham,Words of Radiance,4
Aladar,Helaran,Words of Radiance,1
Aladar,Ialai,Words of Radiance,5
Aladar,Jakamav,The Way of Kings,1
Aladar,Jakamav,Words of Radiance,1
Aladar,Jasnah,The Way of Kings,2
Aladar,Jasnah,Words of Radiance,8
Aladar,Kaladin,Words of Radiance,6
Aladar,Kalak,Words of Radiance,2
Aladar,Khal,Words of Radiance,10
Aladar,Moash,Words of Radiance,1
Aladar,Mraize,Words of Radiance,1
Aladar,Navani,Words of Radiance,15
Aladar,Pattern,Words of Radiance,4
Aladar,Renarin,The Way of Kings,4
Aladar,Renarin,Words of Radiance,5
Aladar,Rock,Words of Radiance,3
Aladar,Roion,The Way of Kings,2
Aladar,Roion,Words of Radiance,15
Aladar,Ruthar,The Way of Kings,1
Aladar,Ruthar,Words of Radiance,6
Aladar,Sadeas,The Way of Kings,4
Aladar,Sadeas,Words of Radiance,14
Aladar,Sebarial,Words of Radiance,11
Aladar,Shallan,Words of Radiance,17
Aladar,Sigzil,Words of Radiance,1
Aladar,Skar,Words of Radiance,2
Aladar,Syl,Words of Radiance,1
Aladar,Szeth,Words of Radiance,1
Aladar,Talenel,Words of Radiance,1
Aladar,Teft,Words of Radiance,1
Aladar,Teleb,The Way of Kings,1
Aladar,Teleb,Words of Radiance,5
Aladar,Thanadal,The Way of Kings,2
Aladar,Thanadal,Words of Radiance,4
Aladar,Tyn,Words of Radiance,3
Aladar,Vamah,The Way of Kings,1
Aladar,Vamah,Words of Radiance,3
Aladar,Vathah,Words of Radiance,4
Aladar,Wit,The Way of Kings,1
Aladar,Wit,Words of Radiance,2
Aladar,Yenev,Words of Radiance,3
Aladar,Zahel,Words of Radiance,2
Amaram,Ash,Words of Radiance,3
Amaram,Balat,Words of Radiance,1
Amaram,Bashin,Words of Radiance,1
Amaram,Baxil,The Way of Kings,1
Amaram,Beld,Words of Radiance,1
Amaram,Bethab,Words of Radiance,2
Amaram,Bisig,The Way of Kings,1
Amaram,Bisig,Words of Radiance,2
Amaram,Cenn,The Way of Kings,5
Amaram,Chana,Words of Radiance,1
Amaram,Coreb,The Way of Kings,2
Amaram,Coreb,Words of Radiance,1
Amaram,Dabbid,The Way of Kings,8
Amaram,Dabbid,Words of Radiance,1
Amaram,Dalinar,The Way of Kings,12
Amaram,Dalinar,Words of Radiance,42
Amaram,Drehy,The Way of Kings,8
Amaram,Drehy,Words of Radiance,7
Amaram,Elhokar,Words of Radiance,13
Amaram,Eth,Words of Radiance,3
Amaram,Gavilar,The Way of Kings,4
Amaram,Gavilar,Words of Radiance,12
Amaram,Gaz,The Way of Kings,13
Amaram,Gaz,Words of Radiance,2
Amaram,Geranid,The Way of Kings,1
Amaram,Hatham,Words of Radiance,3
Amaram,Helaran,Words of Radiance,5
Amaram,Hesina,The Way of Kings,2
Amaram,Hobber,The Way of Kings,3
Amaram,Hobber,Words of Radiance,3
Amaram,Ialai,Words of Radiance,1
Amaram,Ishar,Words of Radiance,2
Amaram,Iyatil,Words of Radiance,3
Amaram,Jakamav,Words of Radiance,2
Amaram,Jaks,The Way of Kings,2
Amaram,Jasnah,Words of Radiance,14
Amaram,Jezrien,The Way of Kings,1
Amaram,Kabsal,Words of Radiance,2
Amaram,Kaladin,The Way of Kings,35
Amaram,Kaladin,Words of Radiance,29
Amaram,Kalak,The Way of Kings,7
Amaram,Kalak,Words of Radiance,3
Amaram,Khal,Words of Radiance,4
Amaram,Laral,The Way of Kings,3
Amaram,Leyten,The Way of Kings,8
Amaram,Leyten,Words of Radiance,3
Amaram,Lift,The Way of Kings,2
Amaram,Lirin,The Way of Kings,10
Amaram,Lirin,Words of Radiance,1
Amaram,Lopen,The Way of Kings,10
Amaram,Lopen,Words of Radiance,14
Amaram,Maps,The Way of Kings,5
Amaram,Maps,Words of Radiance,2
Amaram,Mart,Words of Radiance,3
Amaram,Moash,The Way of Kings,17
Amaram,Moash,Words of Radiance,19
Amaram,Mraize,Words of Radiance,5
Amaram,Murk,The Way of Kings,1
Amaram,Natam,Words of Radiance,3
Amaram,Navani,Words of Radiance,16
Amaram,Pattern,Words of Radiance,14
Amaram,Renarin,Words of Radiance,16
Amaram,Rock,The Way of Kings,18
Amaram,Rock,Words of Radiance,13
Amaram,Roion,Words of Radiance,7
Amaram,Roshone,The Way of Kings,7
Amaram,Roshone,Words of Radiance,4
Amaram,Ruthar,Words of Radiance,4
Amaram,Sadeas,The Way of Kings,24
Amaram,Sadeas,Words of Radiance,30
Amaram,Sebarial,Words of Radiance,15
Amaram,Shallan,Words of Radiance,26
Amaram,Sigzil,The Way of Kings,10
Amaram,Sigzil,Words of Radiance,9
Amaram,Skar,The Way of Kings,12
Amaram,Skar,Words of Radiance,9
Amaram,Syl,The Way of Kings,18
Amaram,Syl,Words of Radiance,21
Amaram,Szeth,The Way of Kings,1
Amaram,Talenel,The Way of Kings,2
Amaram,Talenel,Words of Radiance,4
Amaram,Tarah,The Way of Kings,2
Amaram,Tarah,Words of Radiance,1
Amaram,Teft,The Way of Kings,19
Amaram,Teft,Words of Radiance,14
Amaram,Teleb,Words of Radiance,1
Amaram,Thanadal,Words of Radiance,1
Amaram,Tien,The Way of Kings,20
Amaram,Tien,Words of Radiance,6
Amaram,Tyn,Words of Radiance,5
Amaram,Vamah,Words of Radiance,1
Amaram,Vathah,Words of Radiance,3
Amaram,Wit,The Way of Kings,2
Amaram,Wit,Words of Radiance,5
Amaram,Yake,The Way of Kings,5
Amaram,Yake,Words of Radiance,1
Amaram,Yenev,Words of Radiance,1
Amaram,Zahel,Words of Radiance,9
Ash,Dalinar,Words of Radiance,5
Ash,Elhokar,Words of Radiance,2
Ash,Gavilar,Words of Radiance,2
Ash,Gaz,Words of Radiance,2
Ash,Hatham,Words of Radiance,1
Ash,Ialai,Words of Radiance,1
Ash,Jakamav,Words of Radiance,1
Ash,Jasnah,The Way of Kings,1
Ash,Jasnah,Words of Radiance,6
Ash,Kabsal,Words of Radiance,1
Ash,Khal,Words of Radiance,1
Ash,Navani,Words of Radiance,4
Ash,Pattern,Words of Radiance,4
Ash,Renarin,Words of Radiance,2
Ash,Roion,Words of Radiance,1
Ash,Ruthar,Words of Radiance,2
Ash,Sadeas,Words of Radiance,4
Ash,Sebarial,Words of Radiance,3
Ash,Shalash,Words of Radiance,1
Ash,Shallan,The Way of Kings,1
Ash,Shallan,Words of Radiance,4
Ash,Talenel,Words of Radiance,2
Ash,Tyn,Words of Radiance,4
Ash,Vamah,Words of Radiance,1
Ash,Vathah,Words of Radiance,3
Ash,Wit,Words of Radiance,1
Balat,Dalinar,Words of Radiance,1
Balat,Elhokar,The Way of Kings,1
Balat,Gavilar,Words of Radiance,1
Balat,Helaran,The Way of Kings,1
Balat,Helaran,Words of Radiance,8
Balat,Iyatil,Words of Radiance,1
Balat,Jasnah,The Way of Kings,8
Balat,Jasnah,Words of Radiance,3
Balat,Jushu,The Way of Kings,3
Balat,Jushu,Words of Radiance,7
Balat,Kabsal,The Way of Kings,5
Balat,Kaladin,Words of Radiance,1
Balat,Mraize,Words of Radiance,1
Balat,Nan,The Way of Kings,8
Balat,Nan,Words of Radiance,4
Balat,Navani,Words of Radiance,1
Balat,Pattern,Words of Radiance,2
Balat,Redin,Words of Radiance,1
Balat,Shallan,The Way of Kings,8
Balat,Shallan,Words of Radiance,11
Balat,Taravangian,The Way of Kings,1
Balat,Valam,Words of Radiance,2
Balat,Wikim,The Way of Kings,3
Balat,Wikim,Words of Radiance,6
Bashin,Dalinar,The Way of Kings,1
Bashin,Dalinar,Words of Radiance,1
Bashin,Elhokar,The Way of Kings,1
Bashin,Gavilar,The Way of Kings,1
Bashin,Gavilar,Words of Radiance,1
Bashin,Jasnah,The Way of Kings,1
Bashin,Jasnah,Words of Radiance,1
Bashin,Kaladin,Words of Radiance,1
Bashin,Leyten,Words of Radiance,1
Bashin,Navani,The Way of Kings,1
Bashin,Navani,Words of Radiance,1
Bashin,Pattern,Words of Radiance,1
Bashin,Renarin,The Way of Kings,1
Bashin,Sadeas,The Way of Kings,1
Bashin,Shallan,Words of Radiance,1
Bashin,Skar,Words of Radiance,1
Bashin,Teleb,Words of Radiance,1
Bashin,Vamah,The Way of Kings,1
Bashin,Vathah,Words of Radiance,1
Bashin,Wit,The Way of Kings,1
Battah,Dalinar,Words of Radiance,1
Battah,Jasnah,Words of Radiance,1
Battah,Navani,Words of Radiance,1
Battah,Pailiah,Words of Radiance,1
Battah,Renarin,Words of Radiance,1
Battah,Sadeas,Words of Radiance,1
Battah,Shallan,Words of Radiance,1
Battah,Thanadal,Words of Radiance,1
Battar,Dalinar,The Way of Kings,1
Battar,Elhokar,The Way of Kings,1
Battar,Renarin,The Way of Kings,1
Battar,Sadeas,The Way of Kings,1
Baxil,Coreb,The Way of Kings,1
Baxil,Geranid,The Way of Kings,1
Baxil,Kaladin,The Way of Kings,1
Baxil,Roshone,The Way of Kings,1
Baxil,Szeth,The Way of Kings,1
Baxil,Tien,The Way of Kings,1
Beld,Dabbid,Words of Radiance,1
Beld,Dalinar,Words of Radiance,4
Beld,Drehy,Words of Radiance,1
Beld,Elhokar,Words of Radiance,1
Beld,Eth,Words of Radiance,2
Beld,Hobber,Words of Radiance,3
Beld,Kaladin,Words of Radiance,4
Beld,Kalak,Words of Radiance,1
Beld,Leyten,Words of Radiance,1
Beld,Lopen,Words of Radiance,2
Beld,Mart,Words of Radiance,2
Beld,Moash,Words of Radiance,3
Beld,Navani,Words of Radiance,2
Beld,Renarin,Words of Radiance,1
Beld,Rock,Words of Radiance,3
Beld,Sadeas,Words of Radiance,2
Beld,Sigzil,Words of Radiance,2
Beld,Skar,Words of Radiance,2
Beld,Syl,Words of Radiance,4
Beld,Teft,Words of Radiance,2
Bethab,Dalinar,The Way of Kings,2
Bethab,Dalinar,Words of Radiance,4
Bethab,Drehy,Words of Radiance,1
Bethab,Elhokar,The Way of Kings,2
Bethab,Elhokar,Words of Radiance,3
Bethab,Gavilar,The Way of Kings,2
Bethab,Gavilar,Words of Radiance,1
Bethab,Gaz,Words of Radiance,2
Bethab,Hatham,The Way of Kings,1
Bethab,Hatham,Words of Radiance,2
Bethab,Hobber,Words of Radiance,1
Bethab,Jasnah,The Way of Kings,1
Bethab,Jasnah,Words of Radiance,2
Bethab,Kaladin,Words of Radiance,3
Bethab,Khal,Words of Radiance,1
Bethab,Leyten,Words of Radiance,2
Bethab,Lopen,Words of Radiance,2
Bethab,Moash,Words of Radiance,2
Bethab,Natam,Words of Radiance,1
Bethab,Navani,The Way of Kings,1
Bethab,Navani,Words of Radiance,2
Bethab,Pattern,Words of Radiance,1
Bethab,Renarin,Words of Radiance,2
Bethab,Rock,Words of Radiance,2
Bethab,Roion,The Way of Kings,1
Bethab,Roshone,Words of Radiance,1
Bethab,Ruthar,Words of Radiance,2
Bethab,Sadeas,The Way of Kings,2
Bethab,Sadeas,Words of Radiance,4
Bethab,Sebarial,Words of Radiance,1
Bethab,Shallan,Words of Radiance,3
Bethab,Sigzil,Words of Radiance,1
Bethab,Syl,Words of Radiance,2
Bethab,Tarah,Words of Radiance,1
Bethab,Teft,Words of Radiance,2
Bethab,Teleb,The Way of Kings,1
Bethab,Thanadal,The Way of Kings,1
Bethab,Thanadal,Words of Radiance,3
Bethab,Tyn,Words of Radiance,1
Bethab,Vamah,The Way of Kings,1
Bethab,Vamah,Words of Radiance,2
Bethab,Vathah,Words of Radiance,1
Bethab,Wit,The Way of Kings,1
Bethab,Wit,Words of Radiance,1
Bethab,Zahel,Words of Radiance,1
Bisig,Dabbid,The Way of Kings,1
Bisig,Dalinar,Words of Radiance,3
Bisig,Drehy,Words of Radiance,1
Bisig,Elhokar,Words of Radiance,1
Bisig,Gaz,The Way of Kings,2
Bisig,Kaladin,The Way of Kings,3
Bisig,Kaladin,Words of Radiance,3
Bisig,Kalak,The Way of Kings,1
Bisig,Leyten,Words of Radiance,2
Bisig,Lopen,The Way of Kings,1
Bisig,Lopen,Words of Radiance,3
Bisig,Maps,The Way of Kings,1
Bisig,Mart,Words of Radiance,2
Bisig,Moash,The Way of Kings,1
Bisig,Moash,Words of Radiance,3
Bisig,Natam,Words of Radiance,1
Bisig,Navani,Words of Radiance,1
Bisig,Renarin,Words of Radiance,2
Bisig,Rock,The Way of Kings,3
Bisig,Rock,Words of Radiance,3
Bisig,Roion,Words of Radiance,2
Bisig,Sadeas,The Way of Kings,2
Bisig,Sadeas,Words of Radiance,1
Bisig,Shallan,Words of Radiance,2
Bisig,Sigzil,The Way of Kings,2
Bisig,Sigzil,Words of Radiance,1
Bisig,Skar,The Way of Kings,2
Bisig,Skar,Words of Radiance,2
Bisig,Syl,The Way of Kings,2
Bisig,Syl,Words of Radiance,2
Bisig,Szeth,Words of Radiance,1
Bisig,Teft,The Way of Kings,3
Bisig,Teft,Words of Radiance,3
Bisig,Yake,The Way of Kings,1
Cenn,Coreb,The Way of Kings,1
Cenn,Dabbid,The Way of Kings,1
Cenn,Dalinar,The Way of Kings,2
Cenn,Drehy,The Way of Kings,1
Cenn,Gavilar,The Way of Kings,1
Cenn,Gaz,The Way of Kings,1
Cenn,Kaladin,The Way of Kings,6
Cenn,Kalak,The Way of Kings,1
Cenn,Lopen,The Way of Kings,1
Cenn,Maps,The Way of Kings,1
Cenn,Moash,The Way of Kings,1
Cenn,Rock,The Way of Kings,1
Cenn,Roshone,The Way of Kings,2
Cenn,Sadeas,The Way of Kings,5
Cenn,Skar,The Way of Kings,1
Cenn,Syl,The Way of Kings,2
Cenn,Talenel,The Way of Kings,1
Cenn,Teft,The Way of Kings,1
Cenn,Tien,The Way of Kings,5
Chana,Dalinar,Words of Radiance,2
Chana,Jasnah,Words of Radiance,1
Chana,Kaladin,Words of Radiance,2
Chana,Navani,Words of Radiance,2
Chana,Pattern,Words of Radiance,1
Chana,Rock,Words of Radiance,1
Chana,Shallan,Words of Radiance,2
Coreb,Dalinar,The Way of Kings,1
Coreb,Dalinar,Words of Radiance,1
Coreb,Drehy,Words of Radiance,1
Coreb,Geranid,The Way of Kings,1
Coreb,Kaladin,The Way of Kings,2
Coreb,Kaladin,Words of Radiance,1
Coreb,Lopen,Words of Radiance,1
Coreb,Moash,Words of Radiance,1
Coreb,Rock,Words of Radiance,1
Coreb,Roshone,The Way of Kings,2
Coreb,Sadeas,The Way of Kings,1
Coreb,Sadeas,Words of Radiance,1
Coreb,Sigzil,Words of Radiance,1
Coreb,Syl,Words of Radiance,1
Coreb,Szeth,The Way of Kings,1
Coreb,Teft,Words of Radiance,1
Coreb,Tien,The Way of Kings,2
Dabbid,Dalinar,The Way of Kings,4
Dabbid,Dalinar,Words of Radiance,2
Dabbid,Drehy,The Way of Kings,6
Dabbid,Drehy,Words of Radiance,1
Dabbid,Eth,Words of Radiance,1
Dabbid,Gaz,The Way of Kings,9
Dabbid,Hobber,The Way of Kings,6
Dabbid,Hobber,Words of Radiance,1
Dabbid,Jaks,The Way of Kings,1
Dabbid,Jezrien,The Way of Kings,1
Dabbid,Kaladin,The Way of Kings,13
Dabbid,Kaladin,Words of Radiance,2
Dabbid,Kalak,The Way of Kings,3
Dabbid,Leyten,The Way of Kings,8
Dabbid,Leyten,Words of Radiance,1
Dabbid,Lift,The Way of Kings,1
Dabbid,Lirin,The Way of Kings,3
Dabbid,Lopen,The Way of Kings,10
Dabbid,Lopen,Words of Radiance,2
Dabbid,Maps,The Way of Kings,2
Dabbid,Mart,Words of Radiance,1
Dabbid,Moash,The Way of Kings,11
Dabbid,Moash,Words of Radiance,2
Dabbid,Murk,The Way of Kings,1
Dabbid,Natam,The Way of Kings,2
Dabbid,Navani,Words of Radiance,1
Dabbid,Rock,The Way of Kings,13
Dabbid,Rock,Words of Radiance,1
Dabbid,Sadeas,The Way of Kings,13
Dabbid,Sadeas,Words of Radiance,1
Dabbid,Sigzil,The Way of Kings,5
Dabbid,Sigzil,Words of Radiance,1
Dabbid,Skar,The Way of Kings,7
Dabbid,Skar,Words of Radiance,1
Dabbid,Syl,The Way of Kings,12
Dabbid,Syl,Words of Radiance,2
Dabbid,Tarah,The Way of Kings,2
Dabbid,Teft,The Way of Kings,13
Dabbid,Teft,Words of Radiance,1
Dabbid,Tien,The Way of Kings,7
Dabbid,Wit,The Way of Kings,1
Dabbid,Yake,The Way of Kings,3
Dalinar,Drehy,The Way of Kings,7
Dalinar,Drehy,Words of Radiance,10
Dalinar,Elhokar,The Way of Kings,32
Dalinar,Elhokar,Words of Radiance,32
Dalinar,Eshonai,Words of Radiance,4
Dalinar,Eth,Words of Radiance,7
Dalinar,Gavilar,The Way of Kings,33
Dalinar,Gavilar,Words of Radiance,31
Dalinar,Gaz,The Way of Kings,4
Dalinar,Gaz,Words of Radiance,9
Dalinar,Hatham,The Way of Kings,3
Dalinar,Hatham,Words of Radiance,7
Dalinar,Helaran,Words of Radiance,3
Dalinar,Hobber,The Way of Kings,1
Dalinar,Hobber,Words of Radiance,5
Dalinar,Ialai,The Way of Kings,1
Dalinar,Ialai,Words of Radiance,7
Dalinar,Ishar,Words of Radiance,2
Dalinar,Iyatil,Words of Radiance,3
Dalinar,Jakamav,The Way of Kings,1
Dalinar,Jakamav,Words of Radiance,3
Dalinar,Jaks,The Way of Kings,3
Dalinar,Jasnah,The Way of Kings,14
Dalinar,Jasnah,Words of Radiance,29
Dalinar,Jezrien,The Way of Kings,1
Dalinar,Kabsal,The Way of Kings,1
Dalinar,Kabsal,Words of Radiance,1
Dalinar,Kaladin,The Way of Kings,17
Dalinar,Kaladin,Words of Radiance,69
Dalinar,Kalak,The Way of Kings,4
Dalinar,Kalak,Words of Radiance,6
Dalinar,Khal,Words of Radiance,16
Dalinar,Laral,The Way of Kings,2
Dalinar,Leyten,The Way of Kings,4
Dalinar,Leyten,Words of Radiance,8
Dalinar,Lift,The Way of Kings,1
Dalinar,Lirin,The Way of Kings,4
Dalinar,Lirin,Words of Radiance,1
Dalinar,Lopen,The Way of Kings,8
Dalinar,Lopen,Words of Radiance,16
Dalinar,Lyn,Words of Radiance,1
Dalinar,Maps,The Way of Kings,5
Dalinar,Maps,Words of Radiance,1
Dalinar,Mart,Words of Radiance,8
Dalinar,Moash,The Way of Kings,11
Dalinar,Moash,Words of Radiance,32
Dalinar,Mraize,Words of Radiance,4
Dalinar,Mrall,Words of Radiance,1
Dalinar,Natam,Words of Radiance,3
Dalinar,Navani,The Way of Kings,20
Dalinar,Navani,Words of Radiance,50
Dalinar,Pailiah,Words of Radiance,1
Dalinar,Palah,The Way of Kings,1
Dalinar,Pattern,Words of Radiance,20
Dalinar,Redin,Words of Radiance,1
Dalinar,Renarin,The Way of Kings,25
Dalinar,Renarin,Words of Radiance,36
Dalinar,Rock,The Way of Kings,12
Dalinar,Rock,Words of Radiance,23
Dalinar,Roion,The Way of Kings,6
Dalinar,Roion,Words of Radiance,24
Dalinar,Roshone,The Way of Kings,2
Dalinar,Roshone,Words of Radiance,6
Dalinar,Ruthar,The Way of Kings,1
Dalinar,Ruthar,Words of Radiance,11
Dalinar,Sadeas,The Way of Kings,54
Dalinar,Sadeas,Words of Radiance,60
Dalinar,Sebarial,Words of Radiance,24
Dalinar,Shalash,The Way of Kings,1
Dalinar,Shalash,Words of Radiance,1
Dalinar,Shallan,The Way of Kings,2
Dalinar,Shallan,Words of Radiance,52
Dalinar,Sigzil,The Way of Kings,6
Dalinar,Sigzil,Words of Radiance,14
Dalinar,Skar,The Way of Kings,10
Dalinar,Skar,Words of Radiance,15
Dalinar,Syl,The Way of Kings,9
Dalinar,Syl,Words of Radiance,38
Dalinar,Szeth,The Way of Kings,2
Dalinar,Szeth,Words of Radiance,12
Dalinar,Talenel,The Way of Kings,3
Dalinar,Talenel,Words of Radiance,6
Dalinar,Tarah,The Way of Kings,1
Dalinar,Tarah,Words of Radiance,2
Dalinar,Taravangian,The Way of Kings,2
Dalinar,Taravangian,Words of Radiance,2
Dalinar,Teft,The Way of Kings,12
Dalinar,Teft,Words of Radiance,21
Dalinar,Teleb,The Way of Kings,6
Dalinar,Teleb,Words of Radiance,7
Dalinar,Thanadal,The Way of Kings,5
Dalinar,Thanadal,Words of Radiance,6
Dalinar,Tien,The Way of Kings,6
Dalinar,Tien,Words of Radiance,10
Dalinar,Tyn,Words of Radiance,10
Dalinar,Valam,Words of Radiance,2
Dalinar,Vamah,The Way of Kings,6
Dalinar,Vamah,Words of Radiance,3
Dalinar,Vathah,Words of Radiance,10
Dalinar,Wit,The Way of Kings,9
Dalinar,Wit,Words of Radiance,8
Dalinar,Yake,The Way of Kings,1
Dalinar,Yake,Words of Radiance,1
Dalinar,Yenev,Words of Radiance,3
Dalinar,Zahel,Words of Radiance,11
Drehy,Elhokar,The Way of Kings,1
Drehy,Elhokar,Words of Radiance,3
Drehy,Eshonai,Words of Radiance,1
Drehy,Eth,Words of Radiance,2
Drehy,Gavilar,Words of Radiance,2
Drehy,Gaz,The Way of Kings,5
Drehy,Hatham,Words of Radiance,1
Drehy,Hobber,The Way of Kings,1
Drehy,Hobber,Words of Radiance,1
Drehy,Ishar,Words of Radiance,1
Drehy,Jaks,The Way of Kings,3
Drehy,Jezrien,The Way of Kings,1
Drehy,Kaladin,The Way of Kings,12
Drehy,Kaladin,Words of Radiance,10
Drehy,Kalak,The Way of Kings,3
Drehy,Kalak,Words of Radiance,1
Drehy,Khal,Words of Radiance,1
Drehy,Leyten,The Way of Kings,5
Drehy,Leyten,Words of Radiance,3
Drehy,Lift,The Way of Kings,1
Drehy,Lirin,The Way of Kings,3
Drehy,Lirin,Words of Radiance,1
Drehy,Lopen,The Way of Kings,9
Drehy,Lopen,Words of Radiance,8
Drehy,Maps,The Way of Kings,3
Drehy,Mart,Words of Radiance,3
Drehy,Moash,The Way of Kings,11
Drehy,Moash,Words of Radiance,10
Drehy,Murk,The Way of Kings,1
Drehy,Natam,Words of Radiance,1
Drehy,Navani,Words of Radiance,5
Drehy,Renarin,Words of Radiance,6
Drehy,Rock,The Way of Kings,12
Drehy,Rock,Words of Radiance,8
Drehy,Roion,Words of Radiance,1
Drehy,Roshone,The Way of Kings,1
Drehy,Ruthar,Words of Radiance,1
Drehy,Sadeas,The Way of Kings,11
Drehy,Sadeas,Words of Radiance,8
Drehy,Shallan,Words of Radiance,3
Drehy,Sigzil,The Way of Kings,6
Drehy,Sigzil,Words of Radiance,8
Drehy,Skar,The Way of Kings,11
Drehy,Skar,Words of Radiance,10
Drehy,Syl,The Way of Kings,8
Drehy,Syl,Words of Radiance,9
Drehy,Szeth,Words of Radiance,2
Drehy,Tarah,The Way of Kings,1
Drehy,Teft,The Way of Kings,12
Drehy,Teft,Words of Radiance,9
Drehy,Tien,The Way of Kings,4
Drehy,Tien,Words of Radiance,1
Drehy,Wit,Words of Radiance,1
Drehy,Yake,The Way of Kings,2
Drehy,Zahel,Words of Radiance,4
Elhokar,Eth,Words of Radiance,5
Elhokar,Gavilar,The Way of Kings,21
Elhokar,Gavilar,Words of Radiance,14
Elhokar,Gaz,Words of Radiance,4
Elhokar,Hatham,The Way of Kings,3
Elhokar,Hatham,Words of Radiance,5
Elhokar,Helaran,Words of Radiance,1
Elhokar,Hobber,Words of Radiance,2
Elhokar,Ialai,The Way of Kings,1
Elhokar,Ialai,Words of Radiance,2
Elhokar,Ishar,Words of Radiance,2
Elhokar,Jakamav,The Way of Kings,1
Elhokar,Jaks,The Way of Kings,1
Elhokar,Jasnah,The Way of Kings,11
Elhokar,Jasnah,Words of Radiance,9
Elhokar,Jezrien,Words of Radiance,1
Elhokar,Kabsal,The Way of Kings,1
Elhokar,Kaladin,The Way of Kings,2
Elhokar,Kaladin,Words of Radiance,28
Elhokar,Kalak,The Way of Kings,1
Elhokar,Kalak,Words of Radiance,2
Elhokar,Khal,Words of Radiance,4
Elhokar,Leyten,Words of Radiance,4
Elhokar,Lhan,The Way of Kings,1
Elhokar,Lhan,Words of Radiance,1
Elhokar,Lirin,Words of Radiance,1
Elhokar,Lopen,The Way of Kings,1
Elhokar,Lopen,Words of Radiance,8
Elhokar,Maps,The Way of Kings,1
Elhokar,Mart,Words of Radiance,5
Elhokar,Moash,The Way of Kings,1
Elhokar,Moash,Words of Radiance,19
Elhokar,Nan,The Way of Kings,1
Elhokar,Natam,Words of Radiance,2
Elhokar,Navani,The Way of Kings,13
Elhokar,Navani,Words of Radiance,18
Elhokar,Palah,The Way of Kings,1
Elhokar,Pattern,Words of Radiance,2
Elhokar,Renarin,The Way of Kings,18
Elhokar,Renarin,Words of Radiance,15
Elhokar,Rock,The Way of Kings,2
Elhokar,Rock,Words of Radiance,7
Elhokar,Roion,The Way of Kings,4
Elhokar,Roion,Words of Radiance,5
Elhokar,Roshone,Words of Radiance,4
Elhokar,Ruthar,The Way of Kings,1
Elhokar,Ruthar,Words of Radiance,5
Elhokar,Sadeas,The Way of Kings,32
Elhokar,Sadeas,Words of Radiance,25
Elhokar,Sebarial,Words of Radiance,6
Elhokar,Shalash,The Way of Kings,1
Elhokar,Shallan,The Way of Kings,2
Elhokar,Shallan,Words of Radiance,9
Elhokar,Sigzil,The Way of Kings,1
Elhokar,Sigzil,Words of Radiance,4
Elhokar,Skar,The Way of Kings,1
Elhokar,Skar,Words of Radiance,4
Elhokar,Syl,The Way of Kings,1
Elhokar,Syl,Words of Radiance,15
Elhokar,Szeth,The Way of Kings,1
Elhokar,Szeth,Words of Radiance,2
Elhokar,Talenel,The Way of Kings,2
Elhokar,Talenel,Words of Radiance,2
Elhokar,Tarah,Words of Radiance,1
Elhokar,Taravangian,The Way of Kings,1
Elhokar,Taravangian,Words of Radiance,1
Elhokar,Teft,The Way of Kings,1
Elhokar,Teft,Words of Radiance,8
Elhokar,Teleb,The Way of Kings,3
Elhokar,Thanadal,The Way of Kings,5
Elhokar,Thanadal,Words of Radiance,4
Elhokar,Tien,Words of Radiance,6
Elhokar,Tyn,Words of Radiance,2
Elhokar,Vamah,The Way of Kings,6
Elhokar,Vamah,Words of Radiance,2
Elhokar,Vathah,Words of Radiance,2
Elhokar,Vedel,Words of Radiance,1
Elhokar,Wit,The Way of Kings,8
Elhokar,Wit,Words of Radiance,6
Elhokar,Yake,Words of Radiance,1
Elhokar,Yenev,Words of Radiance,1
Elhokar,Zahel,Words of Radiance,4
Eshonai,Gavilar,Words of Radiance,3
Eshonai,Kaladin,Words of Radiance,1
Eshonai,Khal,Words of Radiance,2
Eshonai,Navani,Words of Radiance,2
Eshonai,Renarin,Words of Radiance,2
Eshonai,Rock,Words of Radiance,1
Eshonai,Roion,Words of Radiance,2
Eshonai,Sadeas,Words of Radiance,1
Eshonai,Shallan,Words of Radiance,2
Eshonai,Skar,Words of Radiance,3
Eshonai,Teleb,Words of Radiance,2
Eth,Gavilar,Words of Radiance,2
Eth,Hatham,Words of Radiance,1
Eth,Hobber,Words of Radiance,1
Eth,Ishar,Words of Radiance,1
Eth,Kaladin,Words of Radiance,7
Eth,Kalak,Words of Radiance,1
Eth,Khal,Words of Radiance,1
Eth,Leyten,Words of Radiance,1
Eth,Lirin,Words of Radiance,1
Eth,Lopen,Words of Radiance,1
Eth,Mart,Words of Radiance,6
Eth,Moash,Words of Radiance,6
Eth,Navani,Words of Radiance,5
Eth,Renarin,Words of Radiance,4
Eth,Rock,Words of Radiance,1
Eth,Roshone,Words of Radiance,1
Eth,Sadeas,Words of Radiance,3
Eth,Sebarial,Words of Radiance,2
Eth,Shallan,Words of Radiance,1
Eth,Sigzil,Words of Radiance,2
Eth,Skar,Words of Radiance,3
Eth,Syl,Words of Radiance,7
Eth,Szeth,Words of Radiance,2
Eth,Teft,Words of Radiance,3
Eth,Wit,Words of Radiance,1
Eth,Yake,Words of Radiance,1
Eth,Zahel,Words of Radiance,1
Gavilar,Gaz,The Way of Kings,1
Gavilar,Gaz,Words of Radiance,3
Gavilar,Hatham,The Way of Kings,3
Gavilar,Hatham,Words of Radiance,4
Gavilar,Helaran,Words of Radiance,1
Gavilar,Hesina,The Way of Kings,2
Gavilar,Ialai,The Way of Kings,1
Gavilar,Ialai,Words of Radiance,4
Gavilar,Ishar,Words of Radiance,1
Gavilar,Iyatil,Words of Radiance,1
Gavilar,Jasnah,The Way of Kings,16
Gavilar,Jasnah,Words of Radiance,12
Gavilar,Kabsal,The Way of Kings,3
Gavilar,Kabsal,Words of Radiance,1
Gavilar,Kaladin,The Way of Kings,6
Gavilar,Kaladin,Words of Radiance,15
Gavilar,Kalak,The Way of Kings,2
Gavilar,Kalak,Words of Radiance,2
Gavilar,Khal,Words of Radiance,6
Gavilar,Laral,The Way of Kings,3
Gavilar,Leyten,Words of Radiance,1
Gavilar,Lhan,Words of Radiance,1
Gavilar,Lift,The Way of Kings,1
Gavilar,Lirin,The Way of Kings,3
Gavilar,Lirin,Words of Radiance,1
Gavilar,Lopen,Words of Radiance,3
Gavilar,Maps,The Way of Kings,2
Gavilar,Mart,Words of Radiance,2
Gavilar,Moash,Words of Radiance,6
Gavilar,Mraize,Words of Radiance,2
Gavilar,Mrall,Words of Radiance,1
Gavilar,Navani,The Way of Kings,15
Gavilar,Navani,Words of Radiance,15
Gavilar,Palah,The Way of Kings,1
Gavilar,Pattern,Words of Radiance,4
Gavilar,Redin,Words of Radiance,1
Gavilar,Renarin,The Way of Kings,17
Gavilar,Renarin,Words of Radiance,7
Gavilar,Rock,The Way of Kings,1
Gavilar,Rock,Words of Radiance,3
Gavilar,Roion,The Way of Kings,5
Gavilar,Roion,Words of Radiance,9
Gavilar,Roshone,The Way of Kings,1
Gavilar,Roshone,Words of Radiance,2
Gavilar,Ruthar,The Way of Kings,1
Gavilar,Ruthar,Words of Radiance,5
Gavilar,Sadeas,The Way of Kings,30
Gavilar,Sadeas,Words of Radiance,22
Gavilar,Sebarial,Words of Radiance,10
Gavilar,Shalash,The Way of Kings,1
Gavilar,Shallan,The Way of Kings,4
Gavilar,Shallan,Words of Radiance,16
Gavilar,Sigzil,Words of Radiance,3
Gavilar,Skar,Words of Radiance,3
Gavilar,Syl,Words of Radiance,6
Gavilar,Szeth,The Way of Kings,3
Gavilar,Szeth,Words of Radiance,3
Gavilar,Talenel,The Way of Kings,4
Gavilar,Talenel,Words of Radiance,2
Gavilar,Taravangian,The Way of Kings,2
Gavilar,Taravangian,Words of Radiance,1
Gavilar,Teft,Words of Radiance,5
Gavilar,Teleb,The Way of Kings,5
Gavilar,Teleb,Words of Radiance,2
Gavilar,Thanadal,The Way of Kings,4
Gavilar,Thanadal,Words of Radiance,2
Gavilar,Tien,The Way of Kings,4
Gavilar,Tien,Words of Radiance,2
Gavilar,Tyn,Words of Radiance,1
Gavilar,Valam,Words of Radiance,1
Gavilar,Vamah,The Way of Kings,5
Gavilar,Vamah,Words of Radiance,2
Gavilar,Vathah,Words of Radiance,3
Gavilar,Wit,The Way of Kings,9
Gavilar,Wit,Words of Radiance,4
Gavilar,Yake,Words of Radiance,1
Gavilar,Yenev,Words of Radiance,3
Gavilar,Zahel,Words of Radiance,2
Gaz,Hatham,Words of Radiance,2
Gaz,Helaran,Words of Radiance,1
Gaz,Hobber,The Way of Kings,7
Gaz,Ialai,Words of Radiance,1
Gaz,Jaks,The Way of Kings,3
Gaz,Jasnah,Words of Radiance,9
Gaz,Jezrien,The Way of Kings,1
Gaz,Kaladin,The Way of Kings,30
Gaz,Kaladin,Words of Radiance,4
Gaz,Kalak,The Way of Kings,8
Gaz,Kalak,Words of Radiance,1
Gaz,Khal,Words of Radiance,1
Gaz,Laral,The Way of Kings,1
Gaz,Leyten,The Way of Kings,10
Gaz,Leyten,Words of Radiance,1
Gaz,Lift,The Way of Kings,2
Gaz,Lirin,The Way of Kings,5
Gaz,Lopen,The Way of Kings,8
Gaz,Lopen,Words of Radiance,2
Gaz,Maps,The Way of Kings,3
Gaz,Moash,The Way of Kings,15
Gaz,Moash,Words of Radiance,2
Gaz,Mraize,Words of Radiance,1
Gaz,Murk,The Way of Kings,1
Gaz,Natam,The Way of Kings,3
Gaz,Navani,Words of Radiance,5
Gaz,Pattern,Words of Radiance,8
Gaz,Renarin,Words of Radiance,2
Gaz,Rock,The Way of Kings,20
Gaz,Rock,Words of Radiance,2
Gaz,Roion,Words of Radiance,2
Gaz,Roshone,The Way of Kings,1
Gaz,Roshone,Words of Radiance,2
Gaz,Ruthar,Words of Radiance,2
Gaz,Sadeas,The Way of Kings,24
Gaz,Sadeas,Words of Radiance,7
Gaz,Sebarial,Words of Radiance,5
Gaz,Shalash,Words of Radiance,1
Gaz,Shallan,Words of Radiance,11
Gaz,Sigzil,The Way of Kings,5
Gaz,Sigzil,Words of Radiance,1
Gaz,Skar,The Way of Kings,11
Gaz,Syl,The Way of Kings,22
Gaz,Syl,Words of Radiance,2
Gaz,Talenel,The Way of Kings,1
Gaz,Tarah,Words of Radiance,1
Gaz,Teft,The Way of Kings,21
Gaz,Teft,Words of Radiance,2
Gaz,Thanadal,Words of Radiance,3
Gaz,Tien,The Way of Kings,9
Gaz,Tien,Words of Radiance,1
Gaz,Tyn,Words of Radiance,5
Gaz,Valam,Words of Radiance,1
Gaz,Vamah,Words of Radiance,2
Gaz,Vathah,Words of Radiance,9
Gaz,Yake,The Way of Kings,4
Gaz,Zahel,Words of Radiance,1
Geranid,Kaladin,The Way of Kings,1
Geranid,Roshone,The Way of Kings,1
Geranid,Szeth,The Way of Kings,1
Geranid,Tien,The Way of Kings,1
Hatham,Ialai,The Way of Kings,1
Hatham,Ialai,Words of Radiance,2
Hatham,Ishar,Words of Radiance,1
Hatham,Jasnah,The Way of Kings,2
Hatham,Jasnah,Words of Radiance,4
Hatham,Kaladin,Words of Radiance,3
Hatham,Khal,Words of Radiance,2
Hatham,Lirin,Words of Radiance,1
Hatham,Mart,Words of Radiance,1
Hatham,Moash,Words of Radiance,1
Hatham,Navani,The Way of Kings,1
Hatham,Navani,Words of Radiance,5
Hatham,Pattern,Words of Radiance,2
Hatham,Renarin,The Way of Kings,2
Hatham,Renarin,Words of Radiance,2
Hatham,Roion,Words of Radiance,3
Hatham,Ruthar,Words of Radiance,3
Hatham,Sadeas,The Way of Kings,3
Hatham,Sadeas,Words of Radiance,6
Hatham,Sebarial,Words of Radiance,2
Hatham,Shallan,Words of Radiance,4
Hatham,Skar,Words of Radiance,1
Hatham,Syl,Words of Radiance,1
Hatham,Szeth,Words of Radiance,1
Hatham,Talenel,The Way of Kings,1
Hatham,Taravangian,Words of Radiance,1
Hatham,Teleb,The Way of Kings,1
Hatham,Thanadal,The Way of Kings,2
Hatham,Thanadal,Words of Radiance,3
Hatham,Tyn,Words of Radiance,2
Hatham,Vamah,The Way of Kings,1
Hatham,Vamah,Words of Radiance,3
Hatham,Vathah,Words of Radiance,2
Hatham,Wit,The Way of Kings,2
Hatham,Wit,Words of Radiance,2
Helaran,Iyatil,Words of Radiance,1
Helaran,Jasnah,The Way of Kings,2
Helaran,Jasnah,Words of Radiance,5
Helaran,Jushu,The Way of Kings,1
Helaran,Jushu,Words of Radiance,6
Helaran,Kabsal,The Way of Kings,1
Helaran,Kaladin,Words of Radiance,2
Helaran,Kalak,Words of Radiance,1
Helaran,Mraize,Words of Radiance,2
Helaran,Nan,The Way of Kings,1
Helaran,Nan,Words of Radiance,4
Helaran,Navani,Words of Radiance,1
Helaran,Pattern,Words of Radiance,4
Helaran,Redin,Words of Radiance,1
Helaran,Roshone,Words of Radiance,1
Helaran,Ruthar,Words of Radiance,1
Helaran,Sadeas,Words of Radiance,2
Helaran,Sebarial,Words of Radiance,1
Helaran,Shallan,The Way of Kings,2
Helaran,Shallan,Words of Radiance,13
Helaran,Syl,Words of Radiance,1
Helaran,Tarah,Words of Radiance,1
Helaran,Thanadal,Words of Radiance,1
Helaran,Tien,Words of Radiance,1
Helaran,Tyn,Words of Radiance,2
Helaran,Valam,Words of Radiance,2
Helaran,Vathah,Words of Radiance,1
Helaran,Wikim,The Way of Kings,1
Helaran,Wikim,Words of Radiance,5
Hesina,Kaladin,The Way of Kings,5
Hesina,Laral,The Way of Kings,4
Hesina,Lirin,The Way of Kings,5
Hesina,Roshone,The Way of Kings,4
Hesina,Sadeas,The Way of Kings,3
Hesina,Tien,The Way of Kings,5
Hobber,Jaks,The Way of Kings,1
Hobber,Kaladin,The Way of Kings,9
Hobber,Kaladin,Words of Radiance,5
Hobber,Kalak,Words of Radiance,1
Hobber,Leyten,The Way of Kings,6
Hobber,Leyten,Words of Radiance,1
Hobber,Lift,The Way of Kings,1
Hobber,Lirin,The Way of Kings,2
Hobber,Lopen,The Way of Kings,3
Hobber,Lopen,Words of Radiance,3
Hobber,Maps,The Way of Kings,1
Hobber,Mart,Words of Radiance,1
Hobber,Moash,The Way of Kings,7
Hobber,Moash,Words of Radiance,4
Hobber,Murk,The Way of Kings,1
Hobber,Natam,The Way of Kings,2
Hobber,Natam,Words of Radiance,1
Hobber,Navani,Words of Radiance,1
Hobber,Renarin,Words of Radiance,2
Hobber,Rock,The Way of Kings,9
Hobber,Rock,Words of Radiance,3
Hobber,Ruthar,Words of Radiance,1
Hobber,Sadeas,The Way of Kings,8
Hobber,Sadeas,Words of Radiance,2
Hobber,Sigzil,The Way of Kings,3
Hobber,Sigzil,Words of Radiance,2
Hobber,Skar,The Way of Kings,3
Hobber,Skar,Words of Radiance,1
Hobber,Syl,The Way of Kings,8
Hobber,Syl,Words of Radiance,5
Hobber,Tarah,The Way of Kings,1
Hobber,Teft,The Way of Kings,8
Hobber,Teft,Words of Radiance,2
Hobber,Tien,The Way of Kings,5
Hobber,Wit,The Way of Kings,1
Hobber,Yake,The Way of Kings,2
Ialai,Jasnah,The Way of Kings,1
Ialai,Jasnah,Words of Radiance,2
Ialai,Kaladin,Words of Radiance,1
Ialai,Navani,The Way of Kings,1
Ialai,Navani,Words of Radiance,1
Ialai,Pattern,Words of Radiance,1
Ialai,Renarin,The Way of Kings,1
Ialai,Roion,Words of Radiance,3
Ialai,Ruthar,Words of Radiance,3
Ialai,Sadeas,The Way of Kings,1
Ialai,Sadeas,Words of Radiance,7
Ialai,Sebarial,Words of Radiance,3
Ialai,Shallan,Words of Radiance,2
Ialai,Sigzil,Words of Radiance,1
Ialai,Syl,Words of Radiance,1
Ialai,Talenel,The Way of Kings,1
Ialai,Teft,Words of Radiance,1
Ialai,Thanadal,Words of Radiance,1
Ialai,Tyn,Words of Radiance,1
Ialai,Vamah,Words of Radiance,1
Ialai,Vathah,Words of Radiance,1
Ialai,Wit,The Way of Kings,1
Ialai,Wit,Words of Radiance,1
Ialai,Yenev,Words of Radiance,1
Ialai,Zahel,Words of Radiance,1
Ishar,Iyatil,Words of Radiance,1
Ishar,Jezrien,The Way of Kings,1
Ishar,Jezrien,Words of Radiance,1
Ishar,Kaladin,Words of Radiance,1
Ishar,Kalak,The Way of Kings,1
Ishar,Kalak,Words of Radiance,1
Ishar,Khal,Words of Radiance,1
Ishar,Lirin,Words of Radiance,1
Ishar,Mart,Words of Radiance,1
Ishar,Moash,Words of Radiance,1
Ishar,Mraize,Words of Radiance,1
Ishar,Navani,Words of Radiance,1
Ishar,Pattern,Words of Radiance,1
Ishar,Renarin,Words of Radiance,1
Ishar,Sadeas,Words of Radiance,1
Ishar,Shallan,Words of Radiance,1
Ishar,Skar,Words of Radiance,1
Ishar,Syl,Words of Radiance,1
Ishar,Talenel,The Way of Kings,1
Ishar,Talenel,Words of Radiance,2
Ishar,Vedel,Words of Radiance,1
Ishar,Wit,Words of Radiance,2
Ishikk,Wit,The Way of Kings,1
Iyatil,Jasnah,Words of Radiance,1
Iyatil,Mraize,Words of Radiance,4
Iyatil,Pattern,Words of Radiance,4
Iyatil,Sebarial,Words of Radiance,2
Iyatil,Shallan,Words of Radiance,4
Iyatil,Talenel,Words of Radiance,1
Iyatil,Tyn,Words of Radiance,2
Jakamav,Jasnah,Words of Radiance,2
Jakamav,Kaladin,Words of Radiance,1
Jakamav,Khal,Words of Radiance,1
Jakamav,Navani,Words of Radiance,2
Jakamav,Renarin,The Way of Kings,1
Jakamav,Renarin,Words of Radiance,4
Jakamav,Roion,The Way of Kings,1
Jakamav,Roion,Words of Radiance,2
Jakamav,Ruthar,Words of Radiance,3
Jakamav,Sadeas,The Way of Kings,1
Jakamav,Sadeas,Words of Radiance,4
Jakamav,Syl,Words of Radiance,1
Jakamav,Talenel,Words of Radiance,1
Jakamav,Thanadal,The Way of Kings,1
Jakamav,Zahel,Words of Radiance,3
Jaks,Jezrien,The Way of Kings,1
Jaks,Kaladin,The Way of Kings,7
Jaks,Kalak,The Way of Kings,1
Jaks,Leyten,The Way of Kings,4
Jaks,Lopen,The Way of Kings,3
Jaks,Maps,The Way of Kings,3
Jaks,Moash,The Way of Kings,5
Jaks,Natam,The Way of Kings,1
Jaks,Rock,The Way of Kings,6
Jaks,Sadeas,The Way of Kings,5
Jaks,Sigzil,The Way of Kings,4
Jaks,Skar,The Way of Kings,6
Jaks,Syl,The Way of Kings,6
Jaks,Teft,The Way of Kings,7
Jaks,Tien,The Way of Kings,2
Jaks,Yake,The Way of Kings,1
Jasnah,Jushu,The Way of Kings,3
Jasnah,Jushu,Words of Radiance,2
Jasnah,Kabsal,The Way of Kings,14
Jasnah,Kabsal,Words of Radiance,7
Jasnah,Kaladin,Words of Radiance,13
Jasnah,Kalak,The Way of Kings,1
Jasnah,Kalak,Words of Radiance,1
Jasnah,Khal,Words of Radiance,4
Jasnah,Leyten,Words of Radiance,1
Jasnah,Lhan,The Way of Kings,1
Jasnah,Lyn,Words of Radiance,1
Jasnah,Maps,Words of Radiance,2
Jasnah,Moash,Words of Radiance,1
Jasnah,Mraize,Words of Radiance,4
Jasnah,Mrall,Words of Radiance,1
Jasnah,Nan,The Way of Kings,8
Jasnah,Nan,Words of Radiance,1
Jasnah,Navani,The Way of Kings,10
Jasnah,Navani,Words of Radiance,25
Jasnah,Pailiah,Words of Radiance,1
Jasnah,Palah,The Way of Kings,1
Jasnah,Pattern,Words of Radiance,29
Jasnah,Redin,Words of Radiance,2
Jasnah,Renarin,The Way of Kings,10
Jasnah,Renarin,Words of Radiance,7
Jasnah,Rock,Words of Radiance,2
Jasnah,Roion,The Way of Kings,3
Jasnah,Roion,Words of Radiance,5
Jasnah,Roshone,Words of Radiance,1
Jasnah,Ruthar,Words of Radiance,6
Jasnah,Sadeas,The Way of Kings,12
Jasnah,Sadeas,Words of Radiance,20
Jasnah,Sebarial,Words of Radiance,15
Jasnah,Shalash,The Way of Kings,1
Jasnah,Shalash,Words of Radiance,1
Jasnah,Shallan,The Way of Kings,22
Jasnah,Shallan,Words of Radiance,42
Jasnah,Sigzil,Words of Radiance,1
Jasnah,Skar,Words of Radiance,1
Jasnah,Syl,Words of Radiance,2
Jasnah,Szeth,The Way of Kings,1
Jasnah,Szeth,Words of Radiance,2
Jasnah,Talenel,The Way of Kings,3
Jasnah,Talenel,Words of Radiance,2
Jasnah,Tarah,Words of Radiance,1
Jasnah,Taravangian,The Way of Kings,5
Jasnah,Taravangian,Words of Radiance,2
Jasnah,Teft,Words of Radiance,1
Jasnah,Teleb,The Way of Kings,2
Jasnah,Teleb,Words of Radiance,1
Jasnah,Thanadal,The Way of Kings,2
Jasnah,Thanadal,Words of Radiance,4
Jasnah,Tien,Words of Radiance,1
Jasnah,Tyn,Words of Radiance,12
Jasnah,Valam,The Way of Kings,1
Jasnah,Valam,Words of Radiance,3
Jasnah,Vamah,The Way of Kings,3
Jasnah,Vamah,Words of Radiance,3
Jasnah,Vathah,Words of Radiance,13
Jasnah,Wikim,The Way of Kings,3
Jasnah,Wikim,Words of Radiance,2
Jasnah,Wit,The Way of Kings,6
Jasnah,Wit,Words of Radiance,4
Jasnah,Yenev,Words of Radiance,2
Jasnah,Zahel,Words of Radiance,2
Jezrien,Kaladin,The Way of Kings,1
Jezrien,Kalak,The Way of Kings,1
Jezrien,Kalak,Words of Radiance,1
Jezrien,Leyten,The Way of Kings,1
Jezrien,Lopen,The Way of Kings,1
Jezrien,Maps,The Way of Kings,1
Jezrien,Moash,The Way of Kings,1
Jezrien,Rock,The Way of Kings,1
Jezrien,Sadeas,The Way of Kings,1
Jezrien,Sigzil,The Way of Kings,1
Jezrien,Skar,The Way of Kings,1
Jezrien,Syl,The Way of Kings,1
Jezrien,Talenel,The Way of Kings,1
Jezrien,Talenel,Words of Radiance,1
Jezrien,Teft,The Way of Kings,1
Jezrien,Vedel,Words of Radiance,1
Jezrien,Wit,Words of Radiance,1
Jushu,Nan,The Way of Kings,3
Jushu,Nan,Words of Radiance,3
Jushu,Redin,Words of Radiance,1
Jushu,Shallan,The Way of Kings,3
Jushu,Shallan,Words of Radiance,7
Jushu,Valam,Words of Radiance,2
Jushu,Wikim,The Way of Kings,3
Jushu,Wikim,Words of Radiance,6
Kabsal,Mraize,Words of Radiance,1
Kabsal,Nan,The Way of Kings,5
Kabsal,Navani,Words of Radiance,3
Kabsal,Pattern,Words of Radiance,7
Kabsal,Renarin,Words of Radiance,1
Kabsal,Sadeas,Words of Radiance,3
Kabsal,Sebarial,Words of Radiance,2
Kabsal,Shallan,The Way of Kings,14
Kabsal,Shallan,Words of Radiance,7
Kabsal,Talenel,The Way of Kings,1
Kabsal,Taravangian,The Way of Kings,3
Kabsal,Tyn,Words of Radiance,3
Kabsal,Vathah,Words of Radiance,1
Kabsal,Wit,The Way of Kings,1
Kabsal,Wit,Words of Radiance,1
Kaladin,Kalak,The Way of Kings,10
Kaladin,Kalak,Words of Radiance,5
Kaladin,Khal,Words of Radiance,8
Kaladin,Laral,The Way of Kings,8
Kaladin,Leyten,The Way of Kings,15
Kaladin,Leyten,Words of Radiance,8
Kaladin,Lift,The Way of Kings,2
Kaladin,Lirin,The Way of Kings,16
Kaladin,Lirin,Words of Radiance,1
Kaladin,Lopen,The Way of Kings,19
Kaladin,Lopen,Words of Radiance,19
Kaladin,Maps,The Way of Kings,7
Kaladin,Mart,Words of Radiance,8
Kaladin,Moash,The Way of Kings,29
Kaladin,Moash,Words of Radiance,33
Kaladin,Murk,The Way of Kings,1
Kaladin,Natam,The Way of Kings,3
Kaladin,Natam,Words of Radiance,3
Kaladin,Navani,The Way of Kings,1
Kaladin,Navani,Words of Radiance,28
Kaladin,Pattern,Words of Radiance,8
Kaladin,Renarin,The Way of Kings,1
Kaladin,Renarin,Words of Radiance,26
Kaladin,Rock,The Way of Kings,37
Kaladin,Rock,Words of Radiance,22
Kaladin,Roion,Words of Radiance,8
Kaladin,Roshone,The Way of Kings,12
Kaladin,Roshone,Words of Radiance,6
Kaladin,Ruthar,Words of Radiance,5
Kaladin,Sadeas,The Way of Kings,50
Kaladin,Sadeas,Words of Radiance,40
Kaladin,Sebarial,Words of Radiance,8
Kaladin,Shallan,Words of Radiance,29
Kaladin,Sigzil,The Way of Kings,17
Kaladin,Sigzil,Words of Radiance,16
Kaladin,Skar,The Way of Kings,23
Kaladin,Skar,Words of Radiance,13
Kaladin,Syl,The Way of Kings,36
Kaladin,Syl,Words of Radiance,49
Kaladin,Szeth,The Way of Kings,1
Kaladin,Szeth,Words of Radiance,11
Kaladin,Talenel,The Way of Kings,2
Kaladin,Talenel,Words of Radiance,1
Kaladin,Tarah,The Way of Kings,2
Kaladin,Tarah,Words of Radiance,2
Kaladin,Taravangian,Words of Radiance,1
Kaladin,Teft,The Way of Kings,40
Kaladin,Teft,Words of Radiance,22
Kaladin,Teleb,The Way of Kings,1
Kaladin,Teleb,Words of Radiance,2
Kaladin,Thanadal,Words of Radiance,3
Kaladin,Tien,The Way of Kings,31
Kaladin,Tien,Words of Radiance,11
Kaladin,Tyn,Words of Radiance,3
Kaladin,Vamah,Words of Radiance,1
Kaladin,Vathah,Words of Radiance,4
Kaladin,Wit,The Way of Kings,2
Kaladin,Wit,Words of Radiance,7
Kaladin,Yake,The Way of Kings,5
Kaladin,Yake,Words of Radiance,1
Kaladin,Yenev,Words of Radiance,2
Kaladin,Zahel,Words of Radiance,14
Kalak,Khal,Words of Radiance,2
Kalak,Leyten,The Way of Kings,2
Kalak,Lirin,The Way of Kings,3
Kalak,Lopen,The Way of Kings,5
Kalak,Lopen,Words of Radiance,1
Kalak,Maps,The Way of Kings,3
Kalak,Mart,Words of Radiance,1
Kalak,Moash,The Way of Kings,6
Kalak,Moash,Words of Radiance,3
Kalak,Navani,Words of Radiance,2
Kalak,Palah,The Way of Kings,1
Kalak,Pattern,Words of Radiance,1
Kalak,Renarin,The Way of Kings,1
Kalak,Renarin,Words of Radiance,3
Kalak,Rock,The Way of Kings,8
Kalak,Rock,Words of Radiance,1
Kalak,Roion,Words of Radiance,2
Kalak,Roshone,The Way of Kings,1
Kalak,Roshone,Words of Radiance,2
Kalak,Rysn,Words of Radiance,1
Kalak,Sadeas,The Way of Kings,10
Kalak,Sadeas,Words of Radiance,3
Kalak,Sebarial,Words of Radiance,3
Kalak,Shalash,The Way of Kings,1
Kalak,Shallan,Words of Radiance,5
Kalak,Sigzil,The Way of Kings,2
Kalak,Sigzil,Words of Radiance,2
Kalak,Skar,The Way of Kings,6
Kalak,Skar,Words of Radiance,2
Kalak,Syl,The Way of Kings,7
Kalak,Syl,Words of Radiance,3
Kalak,Szeth,The Way of Kings,2
Kalak,Talenel,The Way of Kings,2
Kalak,Talenel,Words of Radiance,1
Kalak,Tarah,Words of Radiance,1
Kalak,Teft,The Way of Kings,10
Kalak,Teft,Words of Radiance,3
Kalak,Teleb,Words of Radiance,1
Kalak,Tien,The Way of Kings,4
Kalak,Tien,Words of Radiance,1
Kalak,Vathah,Words of Radiance,1
Kalak,Vedel,Words of Radiance,1
Kalak,Wit,Words of Radiance,1
Kalak,Yake,The Way of Kings,3
Kalak,Yake,Words of Radiance,1
Kalak,Zahel,Words of Radiance,1
Khal,Lirin,Words of Radiance,1
Khal,Lopen,Words of Radiance,1
Khal,Mart,Words of Radiance,1
Khal,Moash,Words of Radiance,2
Khal,Mraize,Words of Radiance,1
Khal,Navani,Words of Radiance,14
Khal,Renarin,Words of Radiance,6
Khal,Rock,Words of Radiance,3
Khal,Roion,Words of Radiance,10
Khal,Ruthar,Words of Radiance,2
Khal,Sadeas,Words of Radiance,7
Khal,Sebarial,Words of Radiance,4
Khal,Shallan,Words of Radiance,7
Khal,Skar,Words of Radiance,3
Khal,Syl,Words of Radiance,1
Khal,Szeth,Words of Radiance,2
Khal,Talenel,Words of Radiance,2
Khal,Teft,Words of Radiance,1
Khal,Teleb,Words of Radiance,6
Khal,Thanadal,Words of Radiance,1
Khal,Vamah,Words of Radiance,1
Khal,Vathah,Words of Radiance,1
Khal,Wit,Words of Radiance,2
Khal,Yenev,Words of Radiance,1
Khal,Zahel,Words of Radiance,1
Laral,Lift,The Way of Kings,1
Laral,Lirin,The Way of Kings,6
Laral,Roshone,The Way of Kings,5
Laral,Sadeas,The Way of Kings,5
Laral,Talenel,The Way of Kings,1
Laral,Tien,The Way of Kings,7
Leyten,Lift,The Way of Kings,1
Leyten,Lirin,The Way of Kings,2
Leyten,Lopen,The Way of Kings,6
Leyten,Lopen,Words of Radiance,5
Leyten,Maps,The Way of Kings,2
Leyten,Mart,Words of Radiance,3
Leyten,Moash,The Way of Kings,10
Leyten,Moash,Words of Radiance,6
Leyten,Murk,The Way of Kings,1
Leyten,Natam,The Way of Kings,2
Leyten,Natam,Words of Radiance,2
Leyten,Navani,Words of Radiance,4
Leyten,Pattern,Words of Radiance,1
Leyten,Renarin,Words of Radiance,3
Leyten,Rock,The Way of Kings,13
Leyten,Rock,Words of Radiance,6
Leyten,Roion,Words of Radiance,1
Leyten,Roshone,The Way of Kings,1
Leyten,Roshone,Words of Radiance,1
Leyten,Ruthar,Words of Radiance,1
Leyten,Sadeas,The Way of Kings,13
Leyten,Sadeas,Words of Radiance,6
Leyten,Shallan,Words of Radiance,3
Leyten,Sigzil,The Way of Kings,6
Leyten,Sigzil,Words of Radiance,4
Leyten,Skar,The Way of Kings,8
Leyten,Skar,Words of Radiance,3
Leyten,Syl,The Way of Kings,12
Leyten,Syl,Words of Radiance,6
Leyten,Szeth,Words of Radiance,1
Leyten,Talenel,Words of Radiance,1
Leyten,Tarah,The Way of Kings,2
Leyten,Tarah,Words of Radiance,1
Leyten,Teft,The Way of Kings,15
Leyten,Teft,Words of Radiance,6
Leyten,Teleb,Words of Radiance,1
Leyten,Thanadal,Words of Radiance,1
Leyten,Tien,The Way of Kings,7
Leyten,Vathah,Words of Radiance,1
Leyten,Wit,The Way of Kings,1
Leyten,Yake,The Way of Kings,2
Leyten,Zahel,Words of Radiance,1
Lhan,Sadeas,The Way of Kings,1
Lhan,Shallan,The Way of Kings,1
Lhan,Taravangian,The Way of Kings,1
Lift,Lirin,The Way of Kings,1
Lift,Moash,The Way of Kings,1
Lift,Murk,The Way of Kings,1
Lift,Rock,The Way of Kings,1
Lift,Sadeas,The Way of Kings,2
Lift,Syl,The Way of Kings,1
Lift,Talenel,The Way of Kings,1
Lift,Teft,The Way of Kings,1
Lift,Tien,The Way of Kings,2
Lift,Wyndle,Words of Radiance,1
Lift,Yake,The Way of Kings,1
Lirin,Lopen,The Way of Kings,3
Lirin,Maps,The Way of Kings,2
Lirin,Mart,Words of Radiance,1
Lirin,Moash,The Way of Kings,6
Lirin,Moash,Words of Radiance,1
Lirin,Murk,The Way of Kings,1
Lirin,Navani,Words of Radiance,1
Lirin,Renarin,Words of Radiance,1
Lirin,Rock,The Way of Kings,6
Lirin,Roshone,The Way of Kings,7
Lirin,Sadeas,The Way of Kings,10
Lirin,Sadeas,Words of Radiance,1
Lirin,Sigzil,The Way of Kings,3
Lirin,Skar,The Way of Kings,3
Lirin,Skar,Words of Radiance,1
Lirin,Syl,The Way of Kings,6
Lirin,Syl,Words of Radiance,1
Lirin,Teft,The Way of Kings,7
Lirin,Tien,The Way of Kings,10
Lirin,Wit,The Way of Kings,1
Lirin,Wit,Words of Radiance,1
Lirin,Yake,The Way of Kings,2
Lopen,Maps,The Way of Kings,4
Lopen,Mart,Words of Radiance,3
Lopen,Moash,The Way of Kings,17
Lopen,Moash,Words of Radiance,16
Lopen,Natam,The Way of Kings,2
Lopen,Natam,Words of Radiance,2
Lopen,Navani,Words of Radiance,5
Lopen,Renarin,Words of Radiance,9
Lopen,Rock,The Way of Kings,19
Lopen,Rock,Words of Radiance,16
Lopen,Roion,Words of Radiance,3
Lopen,Roshone,Words of Radiance,2
Lopen,Ruthar,Words of Radiance,1
Lopen,Sadeas,The Way of Kings,16
Lopen,Sadeas,Words of Radiance,15
Lopen,Sebarial,Words of Radiance,1
Lopen,Shallan,Words of Radiance,5
Lopen,Sigzil,The Way of Kings,7
Lopen,Sigzil,Words of Radiance,10
Lopen,Skar,The Way of Kings,13
Lopen,Skar,Words of Radiance,7
Lopen,Syl,The Way of Kings,15
Lopen,Syl,Words of Radiance,16
Lopen,Szeth,Words of Radiance,1
Lopen,Tarah,The Way of Kings,2
Lopen,Tarah,Words of Radiance,1
Lopen,Teft,The Way of Kings,19
Lopen,Teft,Words of Radiance,15
Lopen,Thanadal,Words of Radiance,1
Lopen,Tien,The Way of Kings,7
Lopen,Tien,Words of Radiance,3
Lopen,Wit,The Way of Kings,2
Lopen,Yake,The Way of Kings,3
Lopen,Zahel,Words of Radiance,5
Lyn,Pattern,Words of Radiance,1
Lyn,Renarin,Words of Radiance,1
Lyn,Shallan,Words of Radiance,1
Maps,Moash,The Way of Kings,6
Maps,Navani,Words of Radiance,1
Maps,Pattern,Words of Radiance,2
Maps,Renarin,The Way of Kings,2
Maps,Rock,The Way of Kings,7
Maps,Roion,The Way of Kings,2
Maps,Sadeas,The Way of Kings,9
Maps,Sebarial,Words of Radiance,1
Maps,Shallan,Words of Radiance,2
Maps,Sigzil,The Way of Kings,5
Maps,Skar,The Way of Kings,6
Maps,Syl,The Way of Kings,7
Maps,Teft,The Way of Kings,7
Maps,Tien,The Way of Kings,4
Maps,Vathah,Words of Radiance,1
Maps,Wit,The Way of Kings,1
Maps,Yake,The Way of Kings,2
Mart,Moash,Words of Radiance,7
Mart,Natam,Words of Radiance,1
Mart,Navani,Words of Radiance,5
Mart,Renarin,Words of Radiance,5
Mart,Rock,Words of Radiance,3
Mart,Roion,Words of Radiance,1
Mart,Roshone,Words of Radiance,1
Mart,Sadeas,Words of Radiance,4
Mart,Sebarial,Words of Radiance,1
Mart,Shallan,Words of Radiance,2
Mart,Sigzil,Words of Radiance,2
Mart,Skar,Words of Radiance,3
Mart,Syl,Words of Radiance,8
Mart,Szeth,Words of Radiance,3
Mart,Teft,Words of Radiance,5
Mart,Wit,Words of Radiance,1
Mart,Yake,Words of Radiance,1
Mart,Zahel,Words of Radiance,1
Moash,Murk,The Way of Kings,1
Moash,Natam,The Way of Kings,2
Moash,Natam,Words of Radiance,3
Moash,Navani,Words of Radiance,10
Moash,Renarin,Words of Radiance,15
Moash,Rock,The Way of Kings,27
Moash,Rock,Words of Radiance,17
Moash,Roion,Words of Radiance,3
Moash,Roshone,The Way of Kings,1
Moash,Roshone,Words of Radiance,5
Moash,Ruthar,Words of Radiance,1
Moash,Sadeas,The Way of Kings,23
Moash,Sadeas,Words of Radiance,21
Moash,Sebarial,Words of Radiance,3
Moash,Shallan,Words of Radiance,5
Moash,Sigzil,The Way of Kings,13
Moash,Sigzil,Words of Radiance,13
Moash,Skar,The Way of Kings,17
Moash,Skar,Words of Radiance,11
Moash,Syl,The Way of Kings,23
Moash,Syl,Words of Radiance,26
Moash,Szeth,Words of Radiance,2
Moash,Tarah,The Way of Kings,2
Moash,Tarah,Words of Radiance,1
Moash,Teft,The Way of Kings,27
Moash,Teft,Words of Radiance,18
Moash,Thanadal,Words of Radiance,1
Moash,Tien,The Way of Kings,10
Moash,Tien,Words of Radiance,7
Moash,Wit,The Way of Kings,2
Moash,Wit,Words of Radiance,3
Moash,Yake,The Way of Kings,5
Moash,Yake,Words of Radiance,1
Moash,Zahel,Words of Radiance,8
Mraize,Navani,Words of Radiance,1
Mraize,Pattern,Words of Radiance,7
Mraize,Roion,Words of Radiance,1
Mraize,Sadeas,Words of Radiance,1
Mraize,Sebarial,Words of Radiance,4
Mraize,Shallan,Words of Radiance,8
Mraize,Szeth,Words of Radiance,1
Mraize,Talenel,Words of Radiance,1
Mraize,Tyn,Words of Radiance,4
Mrall,Redin,Words of Radiance,1
Mrall,Sadeas,Words of Radiance,1
Mrall,Szeth,Words of Radiance,1
Mrall,Taravangian,Words of Radiance,1
Mrall,Valam,Words of Radiance,1
Murk,Rock,The Way of Kings,1
Murk,Sadeas,The Way of Kings,1
Murk,Syl,The Way of Kings,1
Murk,Teft,The Way of Kings,1
Murk,Tien,The Way of Kings,1
Murk,Yake,The Way of Kings,1
Nale,Szeth,Words of Radiance,1
Nan,Redin,Words of Radiance,1
Nan,Shallan,The Way of Kings,8
Nan,Shallan,Words of Radiance,4
Nan,Taravangian,The Way of Kings,1
Nan,Valam,Words of Radiance,2
Nan,Wikim,The Way of Kings,3
Nan,Wikim,Words of Radiance,3
Natam,Navani,Words of Radiance,1
Natam,Renarin,Words of Radiance,3
Natam,Rock,The Way of Kings,3
Natam,Rock,Words of Radiance,2
Natam,Roion,Words of Radiance,1
Natam,Ruthar,Words of Radiance,1
Natam,Sadeas,The Way of Kings,3
Natam,Sadeas,Words of Radiance,2
Natam,Sigzil,Words of Radiance,1
Natam,Skar,The Way of Kings,1
Natam,Skar,Words of Radiance,1
Natam,Syl,The Way of Kings,3
Natam,Syl,Words of Radiance,3
Natam,Teft,The Way of Kings,3
Natam,Teft,Words of Radiance,2
Natam,Tien,The Way of Kings,1
Natam,Zahel,Words of Radiance,1
Navani,Pailiah,Words of Radiance,1
Navani,Pattern,Words of Radiance,16
Navani,Renarin,The Way of Kings,11
Navani,Renarin,Words of Radiance,20
Navani,Rock,Words of Radiance,9
Navani,Roion,The Way of Kings,2
Navani,Roion,Words of Radiance,14
Navani,Ruthar,Words of Radiance,7
Navani,Sadeas,The Way of Kings,18
Navani,Sadeas,Words of Radiance,27
Navani,Sebarial,Words of Radiance,16
Navani,Shallan,The Way of Kings,1
Navani,Shallan,Words of Radiance,34
Navani,Sigzil,Words of Radiance,5
Navani,Skar,Words of Radiance,10
Navani,Syl,Words of Radiance,13
Navani,Szeth,Words of Radiance,3
Navani,Talenel,The Way of Kings,1
Navani,Talenel,Words of Radiance,3
Navani,Taravangian,Words of Radiance,1
Navani,Teft,Words of Radiance,5
Navani,Teleb,The Way of Kings,4
Navani,Teleb,Words of Radiance,7
Navani,Thanadal,The Way of Kings,2
Navani,Thanadal,Words of Radiance,4
Navani,Tien,Words of Radiance,1
Navani,Tyn,Words of Radiance,4
Navani,Vamah,The Way of Kings,3
Navani,Vamah,Words of Radiance,3
Navani,Vathah,Words of Radiance,7
Navani,Wit,The Way of Kings,5
Navani,Wit,Words of Radiance,4
Navani,Yenev,Words of Radiance,2
Navani,Zahel,Words of Radiance,3
Pailiah,Renarin,Words of Radiance,1
Pailiah,Sadeas,Words of Radiance,1
Pailiah,Shallan,Words of Radiance,1
Pailiah,Thanadal,Words of Radiance,1
Palah,Sadeas,The Way of Kings,1
Palah,Shalash,The Way of Kings,1
Palah,Szeth,The Way of Kings,1
Palah,Talenel,The Way of Kings,1
Pattern,Renarin,Words of Radiance,9
Pattern,Rock,Words of Radiance,2
Pattern,Roion,Words of Radiance,1
Pattern,Ruthar,Words of Radiance,3
Pattern,Sadeas,Words of Radiance,8
Pattern,Sebarial,Words of Radiance,13
Pattern,Shalash,Words of Radiance,1
Pattern,Shallan,Words of Radiance,48
Pattern,Skar,Words of Radiance,1
Pattern,Talenel,Words of Radiance,1
Pattern,Teleb,Words of Radiance,1
Pattern,Thanadal,Words of Radiance,2
Pattern,Tyn,Words of Radiance,16
Pattern,Valam,Words of Radiance,1
Pattern,Vamah,Words of Radiance,2
Pattern,Vathah,Words of Radiance,12
Pattern,Wit,Words of Radiance,1
Redin,Sadeas,Words of Radiance,1
Redin,Shallan,Words of Radiance,1
Redin,Szeth,Words of Radiance,1
Redin,Taravangian,Words of Radiance,1
Redin,Valam,Words of Radiance,2
Redin,Wikim,Words of Radiance,1
Renarin,Rock,Words of Radiance,11
Renarin,Roion,The Way of Kings,5
Renarin,Roion,Words of Radiance,7
Renarin,Roshone,Words of Radiance,2
Renarin,Ruthar,The Way of Kings,1
Renarin,Ruthar,Words of Radiance,5
Renarin,Sadeas,The Way of Kings,22
Renarin,Sadeas,Words of Radiance,21
Renarin,Sebarial,Words of Radiance,6
Renarin,Shalash,Words of Radiance,1
Renarin,Shallan,Words of Radiance,22
Renarin,Sigzil,Words of Radiance,4
Renarin,Skar,Words of Radiance,7
Renarin,Syl,Words of Radiance,14
Renarin,Szeth,Words of Radiance,2
Renarin,Talenel,The Way of Kings,1
Renarin,Tarah,Words of Radiance,1
Renarin,Taravangian,Words of Radiance,1
Renarin,Teft,Words of Radiance,11
Renarin,Teleb,The Way of Kings,3
Renarin,Teleb,Words of Radiance,3
Renarin,Thanadal,The Way of Kings,3
Renarin,Thanadal,Words of Radiance,2
Renarin,Tien,Words of Radiance,3
Renarin,Tyn,Words of Radiance,2
Renarin,Vamah,The Way of Kings,4
Renarin,Vathah,Words of Radiance,1
Renarin,Wit,The Way of Kings,5
Renarin,Wit,Words of Radiance,3
Renarin,Yake,Words of Radiance,1
Renarin,Yenev,Words of Radiance,1
Renarin,Zahel,Words of Radiance,11
Rock,Roion,Words of Radiance,4
Rock,Roshone,The Way of Kings,2
Rock,Roshone,Words of Radiance,2
Rock,Ruthar,Words of Radiance,1
Rock,Sadeas,The Way of Kings,31
Rock,Sadeas,Words of Radiance,18
Rock,Sebarial,Words of Radiance,1
Rock,Shallan,Words of Radiance,9
Rock,Sigzil,The Way of Kings,15
Rock,Sigzil,Words of Radiance,12
Rock,Skar,The Way of Kings,21
Rock,Skar,Words of Radiance,9
Rock,Syl,The Way of Kings,28
Rock,Syl,Words of Radiance,17
Rock,Szeth,Words of Radiance,1
Rock,Talenel,Words of Radiance,2
Rock,Tarah,The Way of Kings,2
Rock,Tarah,Words of Radiance,1
Rock,Teft,The Way of Kings,35
Rock,Teft,Words of Radiance,17
Rock,Teleb,Words of Radiance,2
Rock,Thanadal,Words of Radiance,1
Rock,Tien,The Way of Kings,12
Rock,Tien,Words of Radiance,4
Rock,Tyn,Words of Radiance,1
Rock,Vathah,Words of Radiance,1
Rock,Wit,The Way of Kings,2
Rock,Yake,The Way of Kings,5
Rock,Zahel,Words of Radiance,6
Roion,Ruthar,Words of Radiance,3
Roion,Sadeas,The Way of Kings,6
Roion,Sadeas,Words of Radiance,13
Roion,Sebarial,Words of Radiance,10
Roion,Shallan,Words of Radiance,12
Roion,Skar,Words of Radiance,5
Roion,Syl,Words of Radiance,2
Roion,Szeth,Words of Radiance,4
Roion,Talenel,Words of Radiance,1
Roion,Teft,Words of Radiance,2
Roion,Teleb,The Way of Kings,1
Roion,Teleb,Words of Radiance,5
Roion,Thanadal,The Way of Kings,1
Roion,Thanadal,Words of Radiance,1
Roion,Tyn,Words of Radiance,1
Roion,Vamah,The Way of Kings,1
Roion,Vamah,Words of Radiance,1
Roion,Vathah,Words of Radiance,2
Roion,Wit,The Way of Kings,2
Roion,Yenev,Words of Radiance,1
Roion,Zahel,Words of Radiance,1
Roshone,Sadeas,The Way of Kings,7
Roshone,Sadeas,Words of Radiance,5
Roshone,Sebarial,Words of Radiance,1
Roshone,Shallan,Words of Radiance,3
Roshone,Sigzil,The Way of Kings,1
Roshone,Sigzil,Words of Radiance,1
Roshone,Skar,The Way of Kings,1
Roshone,Syl,The Way of Kings,2
Roshone,Syl,Words of Radiance,5
Roshone,Szeth,The Way of Kings,1
Roshone,Tarah,Words of Radiance,2
Roshone,Teft,The Way of Kings,2
Roshone,Teft,Words of Radiance,3
Roshone,Thanadal,Words of Radiance,1
Roshone,Tien,The Way of Kings,9
Roshone,Tien,Words of Radiance,3
Roshone,Wit,Words of Radiance,1
Roshone,Yake,Words of Radiance,1
Roshone,Zahel,Words of Radiance,2
Ruthar,Sadeas,The Way of Kings,1
Ruthar,Sadeas,Words of Radiance,11
Ruthar,Sebarial,Words of Radiance,3
Ruthar,Shallan,Words of Radiance,6
Ruthar,Sigzil,Words of Radiance,1
Ruthar,Syl,Words of Radiance,2
Ruthar,Talenel,Words of Radiance,1
Ruthar,Teft,Words of Radiance,1
Ruthar,Thanadal,Words of Radiance,3
Ruthar,Tyn,Words of Radiance,2
Ruthar,Vamah,Words of Radiance,2
Ruthar,Vathah,Words of Radiance,2
Ruthar,Wit,Words of Radiance,1
Ruthar,Yenev,Words of Radiance,1
Ruthar,Zahel,Words of Radiance,2
Sadeas,Sebarial,Words of Radiance,16
Sadeas,Shalash,The Way of Kings,1
Sadeas,Shallan,The Way of Kings,1
Sadeas,Shallan,Words of Radiance,27
Sadeas,Sigzil,The Way of Kings,13
Sadeas,Sigzil,Words of Radiance,13
Sadeas,Skar,The Way of Kings,19
Sadeas,Skar,Words of Radiance,8
Sadeas,Syl,The Way of Kings,30
Sadeas,Syl,Words of Radiance,26
Sadeas,Szeth,The Way of Kings,1
Sadeas,Szeth,Words of Radiance,1
Sadeas,Talenel,The Way of Kings,3
Sadeas,Talenel,Words of Radiance,4
Sadeas,Tarah,The Way of Kings,2
Sadeas,Tarah,Words of Radiance,2
Sadeas,Taravangian,The Way of Kings,1
Sadeas,Taravangian,Words of Radiance,1
Sadeas,Teft,The Way of Kings,30
Sadeas,Teft,Words of Radiance,18
Sadeas,Teleb,The Way of Kings,6
Sadeas,Teleb,Words of Radiance,2
Sadeas,Thanadal,The Way of Kings,5
Sadeas,Thanadal,Words of Radiance,6
Sadeas,Tien,The Way of Kings,21
Sadeas,Tien,Words of Radiance,7
Sadeas,Tyn,Words of Radiance,6
Sadeas,Valam,Words of Radiance,2
Sadeas,Vamah,The Way of Kings,6
Sadeas,Vamah,Words of Radiance,3
Sadeas,Vathah,Words of Radiance,5
Sadeas,Wit,The Way of Kings,10
Sadeas,Wit,Words of Radiance,8
Sadeas,Yake,The Way of Kings,5
Sadeas,Yake,Words of Radiance,1
Sadeas,Yenev,Words of Radiance,3
Sadeas,Zahel,Words of Radiance,10
Sebarial,Shallan,Words of Radiance,25
Sebarial,Sigzil,Words of Radiance,2
Sebarial,Skar,Words of Radiance,1
Sebarial,Syl,Words of Radiance,3
Sebarial,Talenel,Words of Radiance,1
Sebarial,Teft,Words of Radiance,2
Sebarial,Teleb,Words of Radiance,2
Sebarial,Thanadal,Words of Radiance,1
Sebarial,Tyn,Words of Radiance,8
Sebarial,Vamah,Words of Radiance,2
Sebarial,Vathah,Words of Radiance,7
Sebarial,Wit,Words of Radiance,3
Sebarial,Yake,Words of Radiance,1
Sebarial,Yenev,Words of Radiance,2
Sebarial,Zahel,Words of Radiance,2
Shalash,Shallan,Words of Radiance,1
Shalash,Szeth,The Way of Kings,1
Shalash,Talenel,The Way of Kings,1
Shalash,Tyn,Words of Radiance,1
Shalash,Vathah,Words of Radiance,1
Shallan,Sigzil,Words of Radiance,2
Shallan,Skar,Words of Radiance,5
Shallan,Syl,Words of Radiance,13
Shallan,Szeth,Words of Radiance,3
Shallan,Talenel,The Way of Kings,1
Shallan,Talenel,Words of Radiance,2
Shallan,Tarah,Words of Radiance,2
Shallan,Taravangian,The Way of Kings,5
Shallan,Taravangian,Words of Radiance,1
Shallan,Teft,Words of Radiance,7
Shallan,Teleb,Words of Radiance,4
Shallan,Thanadal,Words of Radiance,5
Shallan,Tien,Words of Radiance,3
Shallan,Tyn,Words of Radiance,18
Shallan,Valam,The Way of Kings,1
Shallan,Valam,Words of Radiance,4
Shallan,Vamah,Words of Radiance,3
Shallan,Vathah,Words of Radiance,15
Shallan,Wikim,The Way of Kings,3
Shallan,Wikim,Words of Radiance,6
Shallan,Wit,The Way of Kings,1
Shallan,Wit,Words of Radiance,4
Shallan,Yake,Words of Radiance,1
Shallan,Yenev,Words of Radiance,2
Shallan,Zahel,Words of Radiance,4
Sigzil,Skar,The Way of Kings,11
Sigzil,Skar,Words of Radiance,7
Sigzil,Syl,The Way of Kings,12
Sigzil,Syl,Words of Radiance,14
Sigzil,Szeth,Words of Radiance,1
Sigzil,Talenel,Words of Radiance,1
Sigzil,Tarah,The Way of Kings,2
Sigzil,Teft,The Way of Kings,14
Sigzil,Teft,Words of Radiance,13
Sigzil,Tien,The Way of Kings,5
Sigzil,Tien,Words of Radiance,1
Sigzil,Wit,The Way of Kings,2
Sigzil,Wit,Words of Radiance,2
Sigzil,Yake,The Way of Kings,3
Sigzil,Yenev,Words of Radiance,1
Sigzil,Zahel,Words of Radiance,3
Skar,Syl,The Way of Kings,16
Skar,Syl,Words of Radiance,9
Skar,Szeth,Words of Radiance,2
Skar,Tarah,The Way of Kings,2
Skar,Teft,The Way of Kings,22
Skar,Teft,Words of Radiance,9
Skar,Teleb,Words of Radiance,2
Skar,Tien,The Way of Kings,6
Skar,Tien,Words of Radiance,1
Skar,Vathah,Words of Radiance,1
Skar,Wit,The Way of Kings,1
Skar,Wit,Words of Radiance,1
Skar,Yake,The Way of Kings,4
Skar,Zahel,Words of Radiance,3
Syl,Szeth,Words of Radiance,8
Syl,Tarah,The Way of Kings,2
Syl,Tarah,Words of Radiance,2
Syl,Teft,The Way of Kings,29
Syl,Teft,Words of Radiance,18
Syl,Thanadal,Words of Radiance,1
Syl,Tien,The Way of Kings,15
Syl,Tien,Words of Radiance,9
Syl,Wit,The Way of Kings,2
Syl,Wit,Words of Radiance,4
Syl,Yake,The Way of Kings,5
Syl,Yake,Words of Radiance,1
Syl,Yenev,Words of Radiance,1
Syl,Zahel,Words of Radiance,10
Szeth,Talenel,The Way of Kings,1
Szeth,Taravangian,The Way of Kings,1
Szeth,Taravangian,Words of Radiance,2
Szeth,Teft,Words of Radiance,2
Szeth,Tien,The Way of Kings,1
Szeth,Valam,Words of Radiance,1
Szeth,Zahel,Words of Radiance,1
Talenel,Teft,Words of Radiance,1
Talenel,Teleb,Words of Radiance,1
Talenel,Tien,The Way of Kings,2
Talenel,Vedel,Words of Radiance,1
Talenel,Wit,The Way of Kings,2
Talenel,Wit,Words of Radiance,1
Tarah,Teft,The Way of Kings,2
Tarah,Teft,Words of Radiance,1
Tarah,Thanadal,Words of Radiance,1
Tarah,Tien,The Way of Kings,2
Tarah,Tien,Words of Radiance,1
Tarah,Wit,The Way of Kings,1
Tarah,Yake,The Way of Kings,1
Tarah,Zahel,Words of Radiance,1
Taravangian,Valam,Words of Radiance,1
Taravangian,Wit,The Way of Kings,1
Teft,Thanadal,Words of Radiance,1
Teft,Tien,The Way of Kings,13
Teft,Tien,Words of Radiance,4
Teft,Wit,The Way of Kings,2
Teft,Wit,Words of Radiance,1
Teft,Yake,The Way of Kings,5
Teft,Yake,Words of Radiance,1
Teft,Yenev,Words of Radiance,1
Teft,Zahel,Words of Radiance,7
Teleb,Thanadal,The Way of Kings,2
Teleb,Vathah,Words of Radiance,1
Thanadal,Tyn,Words of Radiance,2
Thanadal,Vamah,The Way of Kings,2
Thanadal,Vamah,Words of Radiance,2
Thanadal,Vathah,Words of Radiance,2
Thanadal,Wit,The Way of Kings,2
Thanadal,Wit,Words of Radiance,1
Thanadal,Zahel,Words of Radiance,1
Tien,Wit,The Way of Kings,1
Tien,Wit,Words of Radiance,2
Tien,Yake,The Way of Kings,4
Tien,Zahel,Words of Radiance,3
Tyn,Valam,Words of Radiance,2
Tyn,Vamah,Words of Radiance,2
Tyn,Vathah,Words of Radiance,9
Tyn,Wit,Words of Radiance,1
Valam,Vathah,Words of Radiance,1
Valam,Wikim,Words of Radiance,2
Vamah,Vathah,Words of Radiance,2
Vamah,Wit,The Way of Kings,5
Vamah,Wit,Words of Radiance,1
Vedel,Wit,Words of Radiance,1
Wit,Yake,The Way of Kings,1
Wit,Yenev,Words of Radiance,1
Wit,Zahel,Words of Radiance,2
Yake,Zahel,Words of Radiance,1
Yenev,Zahel,Words of Radiance,1
