narr_pos,topic_id,count
1,-1,10
1,5,3
1,10,1
1,14,2
1,70,25
1,114,1
1,126,1
2,-1,29
2,0,10
2,1,6
2,4,63
2,5,1
2,10,11
2,35,2
2,44,1
2,61,1
2,116,1
3,-1,40
3,0,44
3,1,1
3,5,1
3,10,2
3,25,2
3,29,1
3,51,1
3,53,2
3,58,24
3,61,1
3,71,1
3,114,1
3,129,9
4,-1,84
4,0,27
4,1,1
4,5,3
4,18,1
4,25,3
4,37,5
4,42,1
4,61,1
4,79,2
4,118,1
4,123,1
5,-1,59
5,0,32
5,17,1
5,23,1
5,34,12
5,44,4
5,61,1
5,68,8
5,93,1
6,-1,69
6,0,25
6,1,1
6,5,1
6,37,6
6,51,1
6,61,1
6,62,1
6,80,1
6,81,1
6,96,1
7,-1,45
7,0,56
7,1,1
7,3,1
7,7,1
7,13,1
7,36,4
7,40,3
7,45,5
7,50,2
7,61,1
7,93,2
8,-1,104
8,0,60
8,1,5
8,5,1
8,8,14
8,14,1
8,25,5
8,44,1
8,61,1
8,62,1
8,79,3
8,81,2
9,-1,81
9,0,51
9,7,4
9,17,11
9,22,4
9,29,3
9,34,1
9,36,2
9,37,1
9,40,1
9,42,1
9,50,3
9,61,1
10,-1,99
10,0,73
10,1,1
10,7,7
10,20,4
10,34,23
10,42,2
10,61,1
10,68,1
10,93,1
10,116,1
10,118,1
11,-1,23
11,0,34
11,8,4
11,13,1
11,51,1
11,61,1
11,65,1
11,71,2
12,-1,19
12,0,6
12,1,1
12,6,22
12,14,3
12,30,3
12,31,6
12,72,6
13,-1,47
13,0,34
13,1,7
13,5,1
13,8,4
13,9,1
13,20,1
13,25,1
13,53,1
13,61,1
13,71,1
13,88,1
14,-1,49
14,1,2
14,6,1
14,9,1
14,29,2
14,97,11
15,-1,7
15,0,1
15,7,1
15,25,1
15,27,3
15,48,1
15,55,3
15,96,13
16,-1,25
16,0,8
16,4,14
16,5,1
16,10,1
16,20,1
16,35,8
16,38,1
16,43,3
16,64,1
17,-1,113
17,0,80
17,1,1
17,3,1
17,10,2
17,13,1
17,16,6
17,24,1
17,28,7
17,41,1
17,47,6
17,48,1
17,53,1
17,57,2
17,62,1
17,90,1
17,98,2
17,104,1
17,123,1
18,-1,49
18,0,31
18,1,3
18,10,1
18,16,3
18,47,10
18,65,1
18,98,1
18,114,1
18,123,1
19,-1,46
19,0,58
19,1,1
19,3,2
19,7,1
19,8,10
19,11,2
19,18,2
19,20,1
19,42,1
19,76,1
19,88,1
19,89,1
19,91,2
20,-1,130
20,0,100
20,5,1
20,16,11
20,20,1
20,24,11
20,28,1
20,41,7
20,42,1
20,47,1
20,49,1
20,53,1
20,57,8
20,65,3
20,73,1
20,95,1
20,125,1
20,126,1
21,-1,52
21,0,18
21,1,3
21,3,2
21,5,1
21,6,55
21,10,2
21,11,3
21,13,2
21,20,1
21,30,2
21,31,15
21,46,1
21,72,4
21,73,1
21,86,6
21,132,1
22,-1,90
22,0,69
22,1,2
22,3,2
22,7,1
22,8,10
22,9,3
22,20,3
22,25,2
22,30,1
22,46,1
22,49,1
22,64,10
22,76,2
22,124,1
22,132,2
23,-1,137
23,0,66
23,1,1
23,5,1
23,13,4
23,14,3
23,15,1
23,16,17
23,24,1
23,28,8
23,29,3
23,46,2
23,47,3
23,49,2
23,50,1
23,57,3
23,65,1
23,73,5
23,84,2
23,90,1
23,95,2
23,98,1
23,99,1
24,-1,97
24,0,52
24,1,2
24,3,2
24,5,4
24,10,5
24,14,2
24,15,5
24,16,1
24,23,1
24,25,2
24,28,1
24,46,1
24,73,1
24,90,2
24,116,1
25,-1,4
25,0,2
25,6,8
25,7,1
25,25,2
25,30,3
25,31,3
25,34,1
25,72,1
25,102,1
26,-1,52
26,0,61
26,1,2
26,3,15
26,5,1
26,8,11
26,9,4
26,11,1
26,14,1
26,19,1
26,20,2
26,21,1
26,25,2
26,42,1
26,49,1
26,76,1
26,113,4
27,-1,82
27,0,62
27,10,1
27,13,2
27,16,4
27,24,2
27,41,4
27,47,1
27,49,1
27,57,4
27,73,1
27,84,1
27,104,1
28,-1,90
28,0,45
28,1,1
28,3,28
28,5,1
28,9,16
28,13,2
28,18,1
28,62,2
28,64,1
28,81,1
28,89,1
28,105,1
28,124,1
29,-1,65
29,0,41
29,5,3
29,13,5
29,65,1
29,85,2
29,99,1
30,-1,41
30,0,9
30,5,2
30,6,21
30,20,3
30,29,1
30,30,7
30,31,10
30,53,1
30,62,1
30,72,2
30,86,3
31,-1,92
31,0,56
31,5,6
31,10,4
31,14,3
31,24,1
31,25,1
31,28,1
31,65,3
31,73,1
31,95,1
31,98,1
32,-1,123
32,0,73
32,1,4
32,3,28
32,5,6
32,8,7
32,9,12
32,11,1
32,13,1
32,18,1
32,21,1
32,25,1
32,46,1
32,51,5
32,53,1
32,64,12
32,69,1
32,71,2
32,81,1
32,88,1
32,94,1
32,116,1
32,118,1
33,-1,144
33,0,131
33,5,1
33,7,1
33,10,4
33,13,2
33,15,5
33,17,1
33,46,1
33,47,1
33,57,1
33,89,1
33,90,1
33,91,1
33,93,1
33,126,1
34,-1,105
34,0,85
34,7,2
34,12,8
34,14,1
34,17,3
34,29,6
34,36,2
34,40,5
34,41,1
34,45,2
34,46,1
34,77,1
34,125,2
35,-1,38
35,0,37
35,3,1
35,5,2
35,8,22
35,11,3
35,15,1
35,18,1
35,20,1
35,25,1
35,91,1
36,-1,8
36,0,3
36,1,1
36,6,21
36,20,7
36,30,8
36,31,6
36,71,1
36,93,1
36,117,1
37,-1,43
37,0,76
37,1,1
37,3,1
37,5,1
37,8,11
37,10,1
37,11,1
37,53,1
37,59,1
37,63,1
37,121,1
38,-1,96
38,0,39
38,3,1
38,7,3
38,17,1
38,22,21
38,23,2
38,29,5
38,32,1
38,40,4
38,45,3
38,48,2
38,50,5
38,125,1
39,-1,25
39,0,26
39,1,4
39,3,1
39,8,2
39,9,2
39,11,1
39,23,2
39,25,2
39,89,1
39,124,1
40,-1,17
40,0,8
40,1,9
40,3,1
40,9,2
40,23,2
40,25,1
40,124,2
41,-1,88
41,0,71
41,7,1
41,12,2
41,23,1
41,40,5
41,65,1
42,-1,69
42,0,20
42,6,30
42,7,1
42,18,8
42,20,9
42,28,1
42,30,23
42,31,20
42,42,6
42,49,1
42,50,1
42,60,1
42,71,1
42,72,5
42,86,2
42,93,1
42,102,1
42,117,5
43,-1,23
43,0,12
43,1,4
43,5,5
43,8,1
43,9,3
43,25,6
43,29,1
43,56,1
43,71,1
43,76,1
43,88,1
43,123,1
43,124,1
43,131,1
44,-1,36
44,0,29
44,7,4
44,17,5
44,22,1
44,40,4
44,112,4
45,-1,69
45,0,48
45,1,1
45,3,13
45,5,3
45,9,2
45,21,9
45,25,4
45,29,1
45,45,1
45,59,1
45,63,1
45,100,2
45,105,1
45,121,1
46,-1,52
46,0,10
46,5,1
46,30,10
46,117,1
47,-1,88
47,0,47
47,7,2
47,14,2
47,15,4
47,22,12
47,23,1
47,29,1
47,36,1
47,40,8
47,42,1
47,45,5
47,50,2
47,68,1
47,74,1
47,93,3
47,99,1
47,125,2
48,-1,77
48,0,47
48,3,5
48,5,3
48,8,1
48,9,8
48,11,3
48,14,2
48,15,1
48,21,1
48,51,4
48,56,4
48,71,1
48,91,1
48,100,1
48,113,1
48,124,1
48,132,1
49,-1,84
49,0,35
49,1,3
49,19,7
49,20,5
49,30,6
49,45,2
49,64,1
49,71,3
49,72,1
49,86,8
49,88,2
49,93,1
49,117,3
50,-1,115
50,0,61
50,1,1
50,7,4
50,10,1
50,14,3
50,15,13
50,17,5
50,20,2
50,22,15
50,23,3
50,29,6
50,36,2
50,40,1
50,45,4
50,50,1
50,66,1
50,68,1
50,89,1
50,93,1
50,104,1
51,-1,102
51,0,56
51,1,7
51,3,9
51,5,3
51,8,8
51,9,7
51,10,1
51,11,8
51,13,3
51,14,1
51,21,12
51,24,1
51,29,4
51,44,1
51,46,2
51,52,3
51,53,1
51,56,1
51,59,1
51,81,1
51,88,1
51,100,1
51,132,1
52,-1,64
52,0,58
52,5,2
52,10,5
52,20,1
52,33,1
52,51,3
52,53,2
52,58,5
52,65,1
52,71,1
52,81,1
52,88,1
52,129,1
52,131,1
53,-1,51
53,0,40
53,7,1
53,8,1
53,15,2
53,17,1
53,22,17
53,40,1
53,44,1
53,72,1
53,93,1
53,116,1
54,-1,42
54,0,30
54,1,1
54,3,14
54,5,1
54,8,1
54,9,3
54,14,1
54,23,1
54,49,1
54,51,2
54,59,3
54,72,1
54,81,1
54,128,1
55,-1,17
55,0,21
55,7,1
55,22,4
55,40,1
55,50,1
55,63,1
56,-1,25
56,0,23
56,4,1
56,5,2
56,10,3
56,13,3
56,19,4
56,71,1
56,114,1
57,-1,96
57,0,87
57,1,1
57,5,1
57,7,2
57,10,4
57,13,4
57,14,3
57,25,1
57,28,12
57,29,1
57,53,1
57,61,1
57,62,1
57,73,2
57,90,2
57,98,1
58,-1,38
58,0,33
58,5,1
58,6,1
58,11,1
58,20,2
58,25,1
58,61,1
58,64,2
59,-1,91
59,0,50
59,6,1
59,13,4
59,16,2
59,23,1
59,24,4
59,29,1
59,41,3
59,50,4
59,57,3
59,61,1
59,65,2
59,89,2
59,102,2
60,-1,77
60,0,54
60,3,5
60,8,2
60,9,2
60,11,5
60,14,1
60,19,1
60,20,7
60,21,13
60,23,1
60,52,7
60,56,3
60,59,2
60,61,1
60,76,1
60,88,4
60,100,1
61,-1,42
61,0,55
61,5,4
61,10,2
61,24,2
61,25,2
61,51,1
61,61,1
61,65,1
61,69,1
61,95,1
61,114,1
62,-1,142
62,0,94
62,3,3
62,5,2
62,8,1
62,9,5
62,14,2
62,18,2
62,20,1
62,23,1
62,29,1
62,41,2
62,48,12
62,59,4
62,61,1
62,62,1
62,81,2
62,87,1
62,99,1
62,100,1
62,105,5
62,109,14
62,113,3
62,121,1
62,123,1
62,124,1
62,128,1
62,132,1
63,-1,102
63,0,73
63,1,1
63,2,1
63,5,3
63,10,2
63,16,11
63,23,3
63,24,10
63,28,1
63,44,1
63,47,1
63,61,1
63,90,1
63,91,2
63,104,1
63,132,1
64,-1,103
64,0,63
64,1,11
64,9,8
64,14,3
64,20,3
64,29,1
64,49,1
64,50,1
64,59,4
64,61,1
64,81,1
64,88,2
64,108,2
64,128,1
64,134,1
65,-1,74
65,0,53
65,1,2
65,3,1
65,5,1
65,23,1
65,28,2
65,43,1
65,61,1
65,102,1
65,118,1
66,-1,63
66,0,37
66,1,1
66,5,1
66,7,2
66,14,3
66,15,4
66,23,1
66,28,4
66,61,1
66,98,1
67,-1,63
67,0,70
67,1,2
67,3,1
67,5,2
67,9,2
67,10,1
67,11,2
67,21,3
67,24,1
67,25,1
67,52,2
67,56,3
67,59,1
67,61,1
67,88,1
67,108,2
67,128,1
67,134,1
68,-1,24
68,0,25
68,3,3
68,5,1
68,9,3
68,12,1
68,20,1
68,21,1
68,51,2
68,52,1
68,61,1
68,76,5
68,100,1
69,-1,37
69,0,58
69,5,2
69,61,1
69,62,1
69,76,1
69,90,1
69,115,1
70,-1,44
70,0,47
70,5,1
70,9,2
70,10,2
70,56,1
70,61,1
70,65,1
70,90,1
70,104,1
71,-1,28
71,0,27
71,10,1
71,11,1
71,24,1
71,49,2
71,61,1
71,76,1
71,89,1
71,120,1
71,126,1
71,131,1
72,-1,116
72,0,95
72,1,4
72,5,6
72,9,2
72,10,4
72,11,2
72,14,1
72,18,1
72,20,1
72,21,1
72,25,2
72,51,2
72,56,3
72,59,1
72,61,1
72,71,6
72,89,2
72,94,1
72,114,1
72,124,2
72,130,1
72,132,1
73,-1,87
73,0,82
73,1,2
73,3,1
73,5,3
73,10,3
73,11,1
73,13,1
73,21,1
73,24,1
73,49,1
73,51,1
73,53,1
73,61,1
73,95,1
73,115,1
73,120,1
73,126,1
74,-1,127
74,0,71
74,1,1
74,5,1
74,7,2
74,16,12
74,17,1
74,24,4
74,28,2
74,46,1
74,47,6
74,49,3
74,53,1
74,57,3
74,61,1
74,73,1
74,90,1
74,95,1
74,98,1
74,102,1
74,103,1
74,110,1
75,-1,35
75,0,26
75,7,2
75,15,2
75,22,4
75,40,4
75,44,1
76,-1,20
76,0,9
76,4,19
76,5,1
76,12,16
76,17,1
76,25,1
76,35,11
77,-1,13
77,0,10
77,1,1
77,14,2
77,15,6
77,22,1
77,29,1
77,40,1
78,-1,54
78,0,39
78,3,8
78,5,5
78,9,3
78,11,3
78,13,2
78,20,1
78,21,1
78,52,1
78,56,3
78,59,4
78,89,1
78,128,1
79,-1,12
79,0,14
79,15,1
79,17,1
79,45,2
80,-1,39
80,0,19
80,1,4
80,69,1
80,90,1
81,-1,20
81,0,5
81,1,3
81,10,4
81,14,2
81,36,6
81,41,1
81,48,4
82,-1,87
82,0,62
82,7,9
82,8,1
82,10,2
82,17,1
82,44,1
82,46,1
82,49,1
82,65,1
82,66,1
82,74,1
82,122,1
82,130,1
83,-1,98
83,0,80
83,7,2
83,14,1
83,15,2
83,17,5
83,18,6
83,34,7
83,40,1
83,44,1
83,45,1
83,57,1
83,62,1
83,68,12
83,92,11
83,93,1
83,115,1
83,123,1
84,-1,76
84,0,43
84,1,3
84,3,1
84,9,5
84,11,6
84,21,1
84,49,1
84,52,3
84,53,1
84,56,8
84,59,1
84,81,3
84,89,1
84,100,2
84,113,1
84,115,1
84,125,1
85,-1,19
85,0,20
85,1,1
85,14,7
85,17,11
85,18,10
85,29,1
85,32,1
85,40,1
85,115,1
86,-1,73
86,0,44
86,1,1
86,3,1
86,5,1
86,10,4
86,14,2
86,15,1
86,18,1
86,29,2
86,49,1
86,53,1
86,62,1
86,90,2
86,94,1
86,97,3
86,104,1
86,115,1
86,118,2
87,-1,131
87,0,93
87,1,1
87,3,6
87,5,2
87,7,1
87,11,3
87,13,2
87,14,5
87,15,1
87,16,2
87,21,2
87,25,1
87,49,1
87,52,1
87,53,1
87,56,2
87,65,1
87,73,4
87,76,1
87,100,1
87,114,1
87,115,1
88,-1,61
88,0,42
88,7,1
88,14,3
88,15,5
88,17,3
88,20,2
88,21,1
88,23,4
88,29,1
88,32,4
88,34,7
88,42,2
88,50,1
88,63,1
88,66,1
88,68,2
88,79,1
88,91,3
88,92,1
88,93,1
88,115,1
89,-1,51
89,0,29
89,1,1
89,7,1
89,17,1
89,32,5
89,34,1
89,46,1
89,53,1
89,68,1
89,91,1
89,104,1
89,115,1
90,-1,39
90,0,24
90,5,2
90,10,2
90,15,1
90,65,2
90,95,1
90,104,1
90,115,1
91,-1,45
91,0,45
91,1,1
91,3,2
91,5,1
91,7,1
91,9,1
91,14,2
91,18,3
91,21,1
91,51,1
91,75,1
91,115,1
91,128,2
92,-1,72
92,0,48
92,3,1
92,7,5
92,11,1
92,18,1
92,20,1
92,32,2
92,37,3
92,49,1
92,66,1
92,79,1
92,92,3
92,115,1
93,-1,73
93,0,39
93,1,1
93,3,20
93,9,9
93,21,6
93,49,1
93,51,1
93,59,1
93,100,3
93,108,5
93,115,1
93,128,1
93,134,4
94,-1,32
94,0,3
94,2,43
94,5,1
94,7,4
94,17,1
94,46,1
94,62,2
94,65,1
94,78,4
94,103,1
94,104,1
94,110,1
94,126,1
95,-1,136
95,0,12
95,1,1
95,3,1
95,5,1
95,7,3
95,25,1
95,39,39
95,54,31
95,62,1
95,82,19
95,97,2
95,107,1
95,112,4
95,114,1
95,122,1
95,133,1
96,-1,33
96,0,5
96,2,89
96,3,1
96,7,3
96,13,1
96,17,1
96,18,2
96,29,1
96,42,1
96,62,1
96,66,1
96,74,6
96,78,3
96,85,1
96,112,1
96,126,1
96,131,1
97,-1,53
97,0,29
97,7,1
97,15,6
97,18,1
97,32,5
97,37,2
97,45,1
97,63,1
97,78,1
97,79,1
97,103,1
98,-1,39
98,0,52
98,1,1
98,5,2
98,10,1
98,13,2
98,46,1
98,49,1
98,63,1
98,78,1
98,84,2
98,123,1
98,132,1
99,-1,37
99,0,24
99,18,1
99,32,1
99,37,2
99,44,1
99,48,1
99,63,1
99,66,2
99,78,2
99,79,6
99,80,1
99,103,1
99,123,1
100,-1,58
100,0,66
100,10,3
100,11,4
100,13,3
100,19,2
100,29,2
100,33,3
100,51,1
100,63,1
100,78,2
100,81,2
100,103,2
100,131,1
101,-1,92
101,0,40
101,14,1
101,17,4
101,18,2
101,32,3
101,37,4
101,43,4
101,63,1
101,78,1
101,79,4
101,80,6
101,89,1
101,92,1
101,99,1
101,112,1
101,131,1
102,-1,52
102,0,59
102,1,2
102,7,1
102,10,2
102,13,4
102,28,2
102,33,23
102,42,2
102,59,1
102,63,1
102,78,1
102,98,4
102,99,1
103,-1,25
103,0,8
103,7,2
103,10,2
103,13,1
103,17,3
103,36,1
103,44,1
103,60,8
104,-1,43
104,0,35
104,7,1
104,17,2
104,18,1
104,32,1
104,36,1
104,37,6
104,40,1
104,44,2
104,63,2
104,78,1
104,79,1
104,80,3
104,99,1
104,118,1
105,-1,44
105,0,25
105,1,1
105,17,1
105,26,2
105,29,1
105,32,2
105,34,1
105,37,1
105,44,1
105,53,2
105,63,1
105,79,1
105,80,2
105,103,1
106,-1,69
106,0,74
106,1,2
106,5,1
106,11,4
106,13,4
106,16,2
106,18,1
106,19,4
106,25,1
106,28,2
106,47,1
106,52,4
106,63,1
106,76,1
106,88,1
106,102,1
106,103,1
106,124,1
106,127,3
106,134,1
107,-1,27
107,0,23
107,1,1
107,11,4
107,13,1
107,16,2
107,53,1
107,63,1
107,76,1
107,94,3
108,-1,53
108,0,48
108,7,1
108,8,14
108,11,1
108,17,1
108,18,2
108,20,2
108,23,3
108,26,12
108,32,4
108,37,1
108,42,2
108,44,2
108,63,1
108,66,1
108,80,1
108,94,1
108,103,1
109,-1,70
109,0,74
109,1,1
109,11,4
109,36,1
109,57,1
109,63,1
109,95,1
109,96,1
109,120,8
109,127,1
110,-1,54
110,0,52
110,1,1
110,5,2
110,10,4
110,13,1
110,28,3
110,33,1
110,63,1
110,65,3
110,66,1
110,98,1
110,103,1
111,-1,4
111,0,6
111,7,2
111,17,1
111,38,7
111,60,1
111,112,2
112,-1,48
112,0,33
112,3,2
112,5,1
112,18,1
112,26,13
112,37,3
112,43,6
112,44,1
112,58,1
112,63,1
112,66,1
112,79,1
112,80,5
112,94,1
112,103,1
112,120,1
113,-1,39
113,0,29
113,5,3
113,10,1
113,13,1
113,19,2
113,24,9
113,49,4
113,63,3
113,78,1
113,84,1
114,-1,41
114,0,23
114,3,1
114,7,1
114,8,6
114,15,1
114,17,4
114,26,11
114,32,1
114,36,1
114,62,1
114,63,1
114,112,1
115,-1,44
115,0,23
115,3,1
115,18,1
115,20,1
115,21,1
115,26,15
115,63,1
115,76,1
115,78,1
115,93,1
115,102,1
115,103,1
115,128,1
116,-1,70
116,0,42
116,1,5
116,5,1
116,13,1
116,16,1
116,18,3
116,20,1
116,28,1
116,63,1
116,74,1
116,78,1
116,102,1
116,121,2
116,122,1
116,127,2
116,130,3
117,-1,49
117,0,49
117,1,4
117,4,1
117,5,1
117,10,1
117,13,2
117,18,1
117,25,1
117,44,1
117,63,1
117,102,1
117,113,5
117,121,1
117,127,1
117,130,1
118,-1,61
118,0,26
118,7,2
118,18,1
118,26,8
118,63,1
118,94,1
118,103,1
118,129,1
119,-1,10
119,0,1
119,1,1
119,13,1
119,33,6
120,-1,31
120,0,4
120,3,2
120,5,1
120,13,4
120,14,1
120,16,1
120,41,3
120,72,1
121,-1,63
121,0,41
121,1,1
121,3,1
121,5,2
121,7,1
121,10,1
121,14,4
121,16,1
121,18,1
121,50,2
121,77,1
121,81,1
121,114,3
121,121,1
121,125,2
122,-1,92
122,0,39
122,7,2
122,8,7
122,15,1
122,17,1
122,18,1
122,20,1
122,32,6
122,34,1
122,37,5
122,43,2
122,73,1
122,77,1
122,93,1
123,-1,30
123,0,34
123,5,2
123,10,1
123,13,3
123,14,1
123,19,4
123,24,2
123,44,1
123,53,2
123,73,1
123,77,1
123,104,1
123,126,1
124,-1,89
124,0,62
124,7,5
124,13,4
124,14,1
124,17,1
124,23,1
124,66,1
124,67,8
124,73,1
124,77,1
124,80,1
124,93,1
125,-1,66
125,0,18
125,7,1
125,27,7
125,38,9
125,55,3
125,60,2
125,116,1
126,-1,40
126,0,25
126,42,2
126,67,7
126,73,1
126,77,1
126,99,1
127,-1,94
127,0,83
127,1,2
127,3,10
127,5,1
127,8,1
127,9,3
127,10,1
127,11,9
127,13,1
127,15,1
127,18,1
127,19,3
127,21,7
127,28,5
127,31,1
127,59,1
127,77,1
127,86,1
127,91,1
127,96,1
127,100,2
127,102,1
127,108,1
127,117,1
127,128,1
128,-1,50
128,0,23
128,17,2
128,32,3
128,37,1
128,42,1
128,44,2
128,67,1
128,77,1
129,-1,71
129,0,57
129,7,4
129,14,1
129,17,4
129,19,3
129,20,1
129,32,5
129,77,1
129,94,1
129,119,2
130,-1,72
130,0,94
130,9,4
130,10,2
130,11,11
130,13,3
130,18,1
130,19,1
130,33,13
130,36,1
130,45,1
130,46,3
130,50,1
130,51,1
130,77,1
130,80,1
130,114,1
131,-1,105
131,0,56
131,1,1
131,3,1
131,7,2
131,8,1
131,10,1
131,15,1
131,17,2
131,18,2
131,20,2
131,27,8
131,33,1
131,36,11
131,37,1
131,38,7
131,44,1
131,53,1
131,55,4
131,60,4
131,65,1
131,84,3
132,-1,77
132,0,73
132,1,3
132,3,39
132,5,2
132,11,7
132,13,1
132,14,1
132,21,11
132,49,1
132,52,5
132,53,1
132,72,1
132,75,10
132,76,2
132,77,1
132,81,3
132,100,1
132,102,1
132,105,2
132,108,2
132,134,2
133,-1,55
133,0,16
133,7,3
133,8,1
133,13,1
133,14,1
133,17,3
133,23,10
133,32,6
133,36,1
133,44,1
133,45,2
133,66,1
133,77,1
134,-1,65
134,0,47
134,7,3
134,20,2
134,27,12
134,38,11
134,42,1
134,55,1
134,66,1
134,72,1
135,-1,95
135,0,81
135,1,1
135,7,3
135,13,3
135,14,1
135,15,3
135,22,1
135,46,1
135,66,2
135,77,1
135,84,3
135,107,10
135,118,1
136,-1,49
136,0,30
136,1,1
136,5,1
136,8,1
136,14,1
136,24,2
136,46,1
136,77,1
136,89,1
136,112,1
136,118,1
136,125,1
137,-1,37
137,0,40
137,1,1
137,2,9
137,10,1
137,62,1
137,65,1
137,77,1
137,94,1
137,106,1
138,-1,97
138,0,89
138,1,39
138,5,3
138,7,1
138,10,1
138,13,2
138,15,4
138,17,1
138,19,8
138,23,2
138,25,2
138,36,2
138,46,1
138,48,1
138,52,5
138,60,2
138,71,1
138,77,1
138,85,1
138,110,2
138,118,2
139,-1,26
139,0,61
139,5,3
139,13,2
139,14,1
139,28,2
139,77,1
139,84,4
140,-1,61
140,0,39
140,5,1
140,7,3
140,14,1
140,15,1
140,25,1
140,26,4
140,32,3
140,36,1
140,37,2
140,44,2
140,45,1
140,46,2
140,62,4
140,65,1
140,77,1
140,119,9
141,-1,98
141,0,113
141,7,1
141,9,1
141,13,1
141,14,2
141,19,1
141,24,1
141,41,6
141,48,3
141,62,2
141,77,1
141,84,1
141,89,1
141,92,2
141,96,1
141,99,1
141,105,1
141,123,1
142,-1,71
142,0,72
142,5,2
142,7,1
142,10,2
142,11,3
142,13,2
142,16,3
142,18,1
142,24,3
142,28,1
142,29,1
142,31,1
142,33,4
142,47,1
142,77,1
142,84,1
142,89,1
142,94,1
142,116,1
142,122,1
142,127,1
143,-1,51
143,0,57
143,1,2
143,5,1
143,10,4
143,19,1
143,67,1
143,77,1
143,88,1
143,98,4
143,111,14
143,116,1
144,-1,37
144,0,17
144,15,1
144,16,9
144,19,1
144,24,2
144,25,1
144,49,2
144,77,1
145,-1,188
145,0,166
145,1,2
145,5,1
145,7,3
145,8,8
145,10,3
145,14,2
145,15,6
145,18,3
145,20,3
145,25,1
145,42,6
145,43,3
145,44,3
145,45,3
145,53,1
145,66,1
145,69,1
145,91,1
145,101,15
145,105,1
145,122,4
146,-1,50
146,0,50
146,1,1
146,3,1
146,20,1
146,41,4
146,48,4
146,105,2
146,116,1
147,-1,52
147,0,23
147,15,1
147,17,2
147,23,12
147,32,1
147,69,1
147,85,1
147,91,1
148,-1,32
148,0,10
148,7,2
148,12,1
148,13,1
148,27,10
148,38,2
148,55,4
148,60,2
148,84,1
149,-1,34
149,0,35
149,1,2
149,14,1
149,16,2
149,18,1
149,19,1
149,24,1
149,94,1
149,117,1
150,-1,96
150,0,58
150,1,1
150,5,1
150,7,2
150,10,1
150,14,6
150,15,1
150,17,1
150,18,1
150,19,1
150,21,1
150,32,2
150,37,1
150,44,1
150,50,2
150,72,1
150,89,1
150,102,1
151,-1,26
151,0,17
151,1,4
151,13,1
151,19,6
151,50,2
151,55,1
151,66,1
151,123,1
152,-1,35
152,0,12
152,27,6
152,38,1
152,55,1
152,60,4
152,122,1
153,-1,40
153,0,48
153,3,1
153,5,2
153,9,3
153,10,1
153,11,6
153,13,2
153,19,2
153,24,1
153,84,1
154,-1,85
154,0,61
154,5,2
154,13,2
154,16,1
154,19,16
154,24,4
154,29,1
154,41,5
154,47,1
154,49,1
154,90,1
154,95,1
154,106,1
154,126,1
155,-1,112
155,0,107
155,1,3
155,3,3
155,5,2
155,11,7
155,13,2
155,16,1
155,36,1
155,43,1
155,46,1
155,53,1
155,69,1
155,75,1
155,76,1
155,107,1
155,127,2
156,-1,75
156,0,44
156,1,8
156,7,3
156,25,1
156,36,2
156,43,4
156,69,2
156,81,1
156,88,1
156,99,1
157,-1,90
157,0,55
157,1,5
157,3,1
157,7,2
157,17,1
157,36,3
157,43,2
157,45,1
157,69,1
157,88,1
157,91,1
157,102,1
157,107,2
158,-1,112
158,0,58
158,1,8
158,5,1
158,7,6
158,9,11
158,10,1
158,11,1
158,14,1
158,17,2
158,18,1
158,20,2
158,21,5
158,24,1
158,28,1
158,29,1
158,69,11
158,71,1
158,89,1
158,99,3
158,124,1
158,128,1
159,-1,86
159,0,43
159,1,3
159,5,3
159,10,2
159,13,2
159,25,1
159,42,1
159,43,1
159,46,1
159,69,1
159,122,1
160,-1,41
160,0,31
160,1,2
160,7,4
160,15,1
160,27,20
160,38,10
160,55,14
160,60,5
160,83,1
160,116,1
161,-1,50
161,0,22
161,1,6
161,7,1
161,14,1
161,19,1
161,24,1
161,25,1
161,51,1
161,121,1
162,-1,67
162,0,62
162,1,1
162,14,1
162,18,1
162,19,2
162,23,3
162,24,1
162,69,1
162,85,1
162,123,1
163,-1,44
163,0,17
163,7,2
163,15,1
163,16,1
163,29,1
163,42,1
163,43,1
163,50,4
163,62,1
163,66,1
163,89,1
163,118,1
164,-1,82
164,0,16
164,1,1
164,4,2
164,5,9
164,12,92
164,29,1
164,35,5
164,42,2
164,90,1
164,91,1
164,97,1
164,104,1
164,106,1
164,125,1
164,126,1
165,-1,90
165,0,64
165,3,2
165,5,1
165,9,2
165,13,3
165,14,1
165,18,1
165,19,10
165,25,2
165,29,1
165,49,2
165,59,2
165,67,2
165,73,1
165,83,1
165,85,1
165,95,2
165,104,1
165,108,1
165,120,1
165,132,1
166,-1,49
166,0,54
166,1,3
166,5,1
166,7,1
166,8,2
166,11,6
166,14,5
166,17,1
166,19,1
166,23,2
166,25,1
166,32,1
166,40,1
166,43,1
166,67,2
166,75,1
166,85,2
166,110,1
167,-1,49
167,0,47
167,1,1
167,7,2
167,13,2
167,14,2
167,15,1
167,17,1
167,18,1
167,19,1
167,25,1
167,32,1
167,36,1
167,37,1
167,40,1
167,46,1
167,51,1
167,56,1
167,76,1
167,85,1
168,-1,25
168,0,22
168,2,1
168,3,1
168,15,1
168,20,1
168,23,1
168,78,1
168,131,2
169,-1,51
169,0,40
169,1,2
169,5,3
169,7,1
169,8,1
169,16,2
169,19,1
169,23,3
169,47,1
169,59,1
169,67,2
169,73,1
169,85,1
169,99,1
170,-1,135
170,0,62
170,1,6
170,7,3
170,13,1
170,14,1
170,15,7
170,23,1
170,25,1
170,28,1
170,32,1
170,33,4
170,51,3
170,67,3
170,69,3
170,71,2
170,73,1
170,85,2
170,90,1
170,106,7
170,131,1
171,-1,58
171,0,59
171,1,5
171,3,1
171,10,1
171,15,1
171,16,2
171,29,1
171,47,1
171,57,1
171,85,1
171,90,1
171,95,4
171,126,1
172,-1,61
172,0,42
172,1,3
172,2,1
172,3,3
172,5,1
172,10,1
172,11,4
172,18,1
172,23,4
172,29,3
172,57,1
172,75,1
172,85,1
172,94,1
172,106,1
172,116,1
173,-1,35
173,0,47
173,1,4
173,2,4
173,5,1
173,10,1
173,11,4
173,13,2
173,23,2
173,28,2
173,46,1
173,56,1
173,75,5
173,85,1
173,106,3
173,121,2
173,122,1
173,131,1
174,-1,52
174,0,53
174,1,5
174,4,3
174,5,6
174,10,1
174,13,1
174,14,1
174,23,2
174,25,1
174,28,2
174,35,1
174,46,1
174,53,1
174,99,1
174,104,2
174,106,1
174,130,1
175,-1,94
175,0,95
175,1,8
175,4,5
175,5,2
175,14,1
175,17,1
175,28,1
175,35,8
175,46,2
175,53,1
175,57,1
175,66,1
175,67,1
175,85,1
175,94,1
175,95,1
175,105,1
175,127,1
175,130,2
176,-1,62
176,0,34
176,1,6
176,4,2
176,5,1
176,9,7
176,11,4
176,13,1
176,14,2
176,15,1
176,16,1
176,18,2
176,21,1
176,23,2
176,32,1
176,37,1
176,42,1
176,46,2
176,49,1
176,53,1
176,62,1
176,75,4
176,76,1
176,85,1
176,108,1
176,123,1
176,131,1
176,134,1
177,-1,71
177,0,38
177,1,1
177,4,2
177,7,3
177,10,3
177,13,1
177,14,9
177,15,2
177,17,1
177,18,1
177,19,2
177,23,1
177,26,1
177,29,1
177,32,1
177,35,9
177,46,3
177,53,1
177,57,1
177,62,1
177,85,1
177,119,1
177,122,1
177,130,1
178,-1,71
178,0,39
178,1,6
178,4,1
178,5,3
178,10,1
178,12,1
178,13,2
178,15,1
178,18,1
178,23,1
178,25,1
178,28,1
178,29,1
178,62,1
178,85,1
178,94,1
178,104,1
178,114,1
178,116,1
178,121,2
179,-1,22
179,0,13
179,1,1
179,13,2
179,23,1
179,29,1
179,36,5
179,41,5
179,44,1
179,48,5
